PassengerID,Hour,Origin,Destination,DistanceKM,TravelTimeMin,WaitingTimeMin,Transfers,Status,CapacityRejected
P001,00:00,Wellawatte,Maharagama,28.00,67.20,30.00,2,SUCCESS,NO
P002,00:00,Nugegoda,Dehiwala,15.00,36.00,20.00,1,SUCCESS,NO
P003,00:00,Moratuwa,Avissawella,38.00,91.20,20.00,1,SUCCESS,NO
P004,00:00,Kottawa,Pettah,11.00,26.40,20.00,1,SUCCESS,NO
P005,00:00,Kottawa,Dehiwala,20.00,48.00,30.00,2,SUCCESS,NO
P006,00:00,Moratuwa,Homagama,26.00,62.40,20.00,1,SUCCESS,NO
P007,00:00,Avissawella,Pettah,29.00,69.60,20.00,1,SUCCESS,NO
P008,00:00,Wellawatte,Moratuwa,3.00,7.20,10.00,0,SUCCESS,NO
P009,00:00,Pettah,Kottawa,11.00,26.40,20.00,1,SUCCESS,NO
P010,00:00,Homagama,Dehiwala,26.00,62.40,30.00,2,SUCCESS,NO
P011,01:00,Nugegoda,Kottawa,5.00,12.00,10.00,0,SUCCESS,NO
P012,01:00,Avissawella,Pettah,29.00,69.60,20.00,1,SUCCESS,NO
P013,01:00,Kottawa,Maharagama,10.00,24.00,20.00,1,SUCCESS,NO
P014,01:00,Maharagama,Maradana,9.00,21.60,10.00,0,SUCCESS,NO
P015,01:00,Maradana,Kottawa,9.00,21.60,20.00,1,SUCCESS,NO
P016,01:00,Homagama,Pettah,17.00,40.80,20.00,1,SUCCESS,NO
P017,01:00,Pettah,Kottawa,11.00,26.40,20.00,1,SUCCESS,NO
P018,01:00,Kottawa,Dehiwala,20.00,48.00,30.00,2,SUCCESS,NO
P019,02:00,Dehiwala,Nugegoda,15.00,36.00,20.00,1,SUCCESS,NO
P020,02:00,Avissawella,Wellawatte,41.00,98.40,20.00,1,SUCCESS,NO
P021,02:00,Homagama,Moratuwa,26.00,62.40,20.00,1,SUCCESS,NO
P022,02:00,Kottawa,Nugegoda,5.00,12.00,10.00,0,SUCCESS,NO
P023,02:00,Moratuwa,Avissawella,38.00,91.20,20.00,1,SUCCESS,NO
P024,02:00,Maharagama,Moratuwa,30.00,72.00,30.00,2,SUCCESS,NO
P025,03:00,Pettah,Avissawella,29.00,69.60,20.00,1,SUCCESS,NO
P026,03:00,Maharagama,Kottawa,10.00,24.00,20.00,1,SUCCESS,NO
P027,03:00,Wellawatte,Dehiwala,8.00,19.20,10.00,0,SUCCESS,NO
P028,03:00,Pettah,Moratuwa,20.00,48.00,20.00,1,SUCCESS,NO
P029,03:00,Maharagama,Homagama,7.00,16.80,10.00,0,SUCCESS,NO
P030,03:00,Pettah,Dehiwala,9.00,21.60,10.00,0,SUCCESS,NO
P031,04:00,Moratuwa,Pettah,20.00,48.00,20.00,1,SUCCESS,NO
P032,04:00,Nugegoda,Wellawatte,23.00,55.20,30.00,2,SUCCESS,NO
P033,04:00,Avissawella,Maradana,27.00,64.80,20.00,1,SUCCESS,NO
P034,04:00,Kottawa,Dehiwala,20.00,48.00,30.00,2,SUCCESS,NO
P035,04:00,Avissawella,Dehiwala,38.00,91.20,30.00,2,SUCCESS,NO
P036,04:00,Nugegoda,Wellawatte,23.00,55.20,30.00,2,SUCCESS,NO
P037,04:00,Dehiwala,Kottawa,20.00,48.00,30.00,2,SUCCESS,NO
P038,04:00,Maharagama,Homagama,7.00,16.80,10.00,0,SUCCESS,NO
P039,04:00,Avissawella,Kottawa,18.00,43.20,10.00,0,SUCCESS,NO
P040,04:00,Maradana,Homagama,15.00,36.00,20.00,1,SUCCESS,NO
P041,04:00,Homagama,Wellawatte,29.00,69.60,20.00,1,SUCCESS,NO
P042,04:00,Wellawatte,Nugegoda,23.00,55.20,30.00,2,SUCCESS,NO
P043,04:00,Wellawatte,Homagama,29.00,69.60,20.00,1,SUCCESS,NO
P044,04:00,Dehiwala,Pettah,9.00,21.60,10.00,0,SUCCESS,NO
P045,04:00,Maharagama,Kottawa,10.00,24.00,20.00,1,SUCCESS,NO
P046,04:00,Avissawella,Pettah,29.00,69.60,20.00,1,SUCCESS,NO
P047,04:00,Avissawella,Wellawatte,41.00,98.40,20.00,1,SUCCESS,NO
P048,04:00,Kottawa,Pettah,11.00,26.40,20.00,1,SUCCESS,NO
P049,04:00,Wellawatte,Avissawella,41.00,98.40,20.00,1,SUCCESS,NO
P050,04:00,Moratuwa,Homagama,26.00,62.40,20.00,1,SUCCESS,NO
P051,05:00,Pettah,Homagama,17.00,40.80,20.00,1,SUCCESS,NO
P052,05:00,Nugegoda,Moratuwa,25.00,60.00,20.00,1,SUCCESS,NO
P053,05:00,Moratuwa,Kottawa,20.00,48.00,10.00,0,SUCCESS,NO
P054,05:00,Kottawa,Avissawella,18.00,43.20,10.00,0,SUCCESS,NO
P055,05:00,Nugegoda,Kottawa,5.00,12.00,10.00,0,SUCCESS,NO
P056,05:00,Nugegoda,Wellawatte,23.00,55.20,30.00,2,SUCCESS,NO
P057,05:00,Homagama,Wellawatte,29.00,69.60,20.00,1,SUCCESS,NO
P058,05:00,Dehiwala,Moratuwa,11.00,26.40,10.00,0,SUCCESS,NO
P059,05:00,Wellawatte,Nugegoda,23.00,55.20,30.00,2,SUCCESS,NO
P060,05:00,Maradana,Moratuwa,22.00,52.80,30.00,2,SUCCESS,NO
P061,05:00,Maharagama,Avissawella,19.00,45.60,20.00,1,SUCCESS,NO
P062,05:00,Dehiwala,Nugegoda,15.00,36.00,20.00,1,SUCCESS,NO
P063,05:00,Dehiwala,Pettah,9.00,21.60,10.00,0,SUCCESS,NO
P064,05:00,Nugegoda,Moratuwa,25.00,60.00,20.00,1,SUCCESS,NO
P065,05:00,Pettah,Dehiwala,9.00,21.60,10.00,0,SUCCESS,NO
P066,05:00,Kottawa,Maradana,9.00,21.60,20.00,1,SUCCESS,NO
P067,05:00,Homagama,Kottawa,6.00,14.40,10.00,0,SUCCESS,NO
P068,05:00,Homagama,Maradana,15.00,36.00,20.00,1,SUCCESS,NO
P069,05:00,Maradana,Avissawella,27.00,64.80,20.00,1,SUCCESS,NO
P070,05:00,Dehiwala,Nugegoda,15.00,36.00,20.00,1,SUCCESS,NO
P071,05:00,Dehiwala,Homagama,26.00,62.40,30.00,2,SUCCESS,NO
P072,05:00,Maharagama,Wellawatte,28.00,67.20,30.00,2,SUCCESS,NO
P073,05:00,Maradana,Maharagama,9.00,21.60,10.00,0,SUCCESS,NO
P074,05:00,Pettah,Kottawa,11.00,26.40,20.00,1,SUCCESS,NO
P075,05:00,Moratuwa,Pettah,20.00,48.00,20.00,1,SUCCESS,NO
P076,05:00,Avissawella,Pettah,29.00,69.60,20.00,1,SUCCESS,NO
P077,05:00,Kottawa,Wellawatte,23.00,55.20,10.00,0,SUCCESS,NO
P078,05:00,Wellawatte,Moratuwa,3.00,7.20,10.00,0,SUCCESS,NO
P079,05:00,Nugegoda,Dehiwala,15.00,36.00,20.00,1,SUCCESS,NO
P080,05:00,Moratuwa,Nugegoda,25.00,60.00,20.00,1,SUCCESS,NO
P081,06:00,Wellawatte,Moratuwa,3.00,7.20,10.00,0,SUCCESS,NO
P082,06:00,Pettah,Maradana,2.00,4.80,10.00,0,SUCCESS,NO
P083,06:00,Kottawa,Nugegoda,5.00,12.00,10.00,0,SUCCESS,NO
P084,06:00,Avissawella,Pettah,29.00,69.60,20.00,1,SUCCESS,NO
P085,06:00,Pettah,Maharagama,11.00,26.40,10.00,0,SUCCESS,NO
P086,06:00,Avissawella,Nugegoda,23.00,55.20,10.00,0,SUCCESS,NO
P087,06:00,Avissawella,Kottawa,18.00,43.20,10.00,0,SUCCESS,NO
P088,06:00,Wellawatte,Dehiwala,8.00,19.20,10.00,0,SUCCESS,NO
P089,06:00,Maradana,Moratuwa,22.00,52.80,30.00,2,SUCCESS,NO
P090,06:00,Moratuwa,Pettah,20.00,48.00,20.00,1,SUCCESS,NO
P091,06:00,Nugegoda,Wellawatte,23.00,55.20,30.00,2,SUCCESS,NO
P092,06:00,Maradana,Pettah,2.00,4.80,10.00,0,SUCCESS,NO
P093,06:00,Avissawella,Wellawatte,41.00,98.40,20.00,1,SUCCESS,NO
P094,06:00,Wellawatte,Homagama,29.00,69.60,20.00,1,SUCCESS,NO
P095,06:00,Maradana,Kottawa,9.00,21.60,20.00,1,SUCCESS,NO
P096,06:00,Maradana,Nugegoda,4.00,9.60,10.00,0,SUCCESS,NO
P097,06:00,Maharagama,Kottawa,10.00,24.00,20.00,1,SUCCESS,NO
P098,06:00,Homagama,Nugegoda,11.00,26.40,10.00,0,SUCCESS,NO
P099,06:00,Maradana,Homagama,15.00,36.00,20.00,1,SUCCESS,NO
P100,06:00,Maradana,Kottawa,9.00,21.60,20.00,1,SUCCESS,NO
P101,06:00,Avissawella,Homagama,12.00,28.80,10.00,0,SUCCESS,NO
P102,06:00,Nugegoda,Pettah,6.00,14.40,10.00,0,SUCCESS,NO
P103,06:00,Avissawella,Nugegoda,23.00,55.20,10.00,0,SUCCESS,NO
P104,06:00,Dehiwala,Maradana,11.00,26.40,20.00,1,SUCCESS,NO
P105,06:00,Pettah,Maradana,2.00,4.80,10.00,0,SUCCESS,NO
P106,06:00,Nugegoda,Maharagama,5.00,12.00,10.00,0,SUCCESS,NO
P107,06:00,Dehiwala,Moratuwa,11.00,26.40,10.00,0,SUCCESS,NO
P108,06:00,Homagama,Maradana,15.00,36.00,20.00,1,SUCCESS,NO
P109,06:00,Nugegoda,Avissawella,23.00,55.20,10.00,0,SUCCESS,NO
P110,06:00,Dehiwala,Avissawella,38.00,91.20,30.00,2,SUCCESS,NO
P111,06:00,Maharagama,Homagama,7.00,16.80,10.00,0,SUCCESS,NO
P112,06:00,Wellawatte,Nugegoda,23.00,55.20,30.00,2,SUCCESS,NO
P113,06:00,Pettah,Dehiwala,9.00,21.60,10.00,0,SUCCESS,NO
P114,06:00,Wellawatte,Maharagama,28.00,67.20,30.00,2,SUCCESS,NO
P115,06:00,Kottawa,Wellawatte,23.00,55.20,10.00,0,SUCCESS,NO
P116,06:00,Homagama,Nugegoda,11.00,26.40,10.00,0,SUCCESS,NO
P117,06:00,Nugegoda,Homagama,11.00,26.40,10.00,0,SUCCESS,NO
P118,06:00,Kottawa,Maharagama,10.00,24.00,20.00,1,SUCCESS,NO
P119,06:00,Pettah,Homagama,17.00,40.80,20.00,1,SUCCESS,NO
P120,06:00,Homagama,Kottawa,6.00,14.40,10.00,0,SUCCESS,NO
P121,07:00,Nugegoda,Wellawatte,23.00,55.20,15.00,2,SUCCESS,NO
P122,07:00,Maradana,Wellawatte,19.00,45.60,15.00,2,SUCCESS,NO
P123,07:00,Pettah,Moratuwa,20.00,48.00,10.00,1,SUCCESS,NO
P124,07:00,Nugegoda,Wellawatte,23.00,55.20,15.00,2,SUCCESS,NO
P125,07:00,Maradana,Homagama,15.00,36.00,10.00,1,SUCCESS,NO
P126,07:00,Maradana,Avissawella,27.00,64.80,10.00,1,SUCCESS,NO
P127,07:00,Nugegoda,Dehiwala,15.00,36.00,10.00,1,SUCCESS,NO
P128,07:00,Nugegoda,Kottawa,5.00,12.00,5.00,0,SUCCESS,NO
P129,07:00,Pettah,Homagama,17.00,40.80,10.00,1,SUCCESS,NO
P130,07:00,Maharagama,Homagama,7.00,16.80,5.00,0,SUCCESS,NO
P131,07:00,Pettah,Kottawa,11.00,26.40,10.00,1,SUCCESS,NO
P132,07:00,Maharagama,Dehiwala,20.00,48.00,10.00,1,SUCCESS,NO
P133,07:00,Nugegoda,Kottawa,5.00,12.00,5.00,0,SUCCESS,NO
P134,07:00,Nugegoda,Dehiwala,15.00,36.00,10.00,1,SUCCESS,NO
P135,07:00,Pettah,Dehiwala,9.00,21.60,5.00,0,SUCCESS,NO
P136,07:00,Nugegoda,Homagama,11.00,26.40,5.00,0,SUCCESS,NO
P137,07:00,Maradana,Wellawatte,19.00,45.60,15.00,2,SUCCESS,NO
P138,07:00,Nugegoda,Wellawatte,23.00,55.20,15.00,2,SUCCESS,NO
P139,07:00,Maradana,Kottawa,9.00,21.60,10.00,1,SUCCESS,NO
P140,07:00,Maharagama,Wellawatte,28.00,67.20,15.00,2,SUCCESS,NO
P141,07:00,Maharagama,Dehiwala,20.00,48.00,10.00,1,SUCCESS,NO
P142,07:00,Nugegoda,Avissawella,23.00,55.20,5.00,0,SUCCESS,NO
P143,07:00,Pettah,Moratuwa,20.00,48.00,10.00,1,SUCCESS,NO
P144,07:00,Maradana,Wellawatte,19.00,45.60,15.00,2,SUCCESS,NO
P145,07:00,Maharagama,Kottawa,10.00,24.00,10.00,1,SUCCESS,NO
P146,07:00,Nugegoda,Dehiwala,15.00,36.00,10.00,1,SUCCESS,NO
P147,07:00,Maradana,Dehiwala,11.00,26.40,10.00,1,SUCCESS,NO
P148,07:00,Maradana,Avissawella,27.00,64.80,10.00,1,SUCCESS,NO
P149,07:00,Nugegoda,Kottawa,5.00,12.00,5.00,0,SUCCESS,NO
P150,07:00,Maradana,Homagama,15.00,36.00,10.00,1,SUCCESS,NO
P151,07:00,Nugegoda,Wellawatte,23.00,55.20,15.00,2,SUCCESS,NO
P152,07:00,Pettah,Avissawella,29.00,69.60,10.00,1,SUCCESS,NO
P153,07:00,Pettah,Kottawa,11.00,26.40,10.00,1,SUCCESS,NO
P154,07:00,Nugegoda,Moratuwa,25.00,60.00,10.00,1,SUCCESS,NO
P155,07:00,Pettah,Kottawa,11.00,26.40,10.00,1,SUCCESS,NO
P156,07:00,Maharagama,Homagama,7.00,16.80,5.00,0,SUCCESS,NO
P157,07:00,Nugegoda,Wellawatte,23.00,55.20,15.00,2,SUCCESS,NO
P158,07:00,Maradana,Kottawa,9.00,21.60,10.00,1,SUCCESS,NO
P159,07:00,Maharagama,Homagama,7.00,16.80,5.00,0,SUCCESS,NO
P160,07:00,Pettah,Dehiwala,9.00,21.60,5.00,0,SUCCESS,NO
P161,07:00,Maradana,Kottawa,9.00,21.60,10.00,1,SUCCESS,NO
P162,07:00,Maradana,Dehiwala,11.00,26.40,10.00,1,SUCCESS,NO
P163,07:00,Maradana,Wellawatte,19.00,45.60,15.00,2,SUCCESS,NO
P164,07:00,Maradana,Kottawa,9.00,21.60,10.00,1,SUCCESS,NO
P165,07:00,Maharagama,Homagama,7.00,16.80,5.00,0,SUCCESS,NO
P166,07:00,Maradana,Dehiwala,11.00,26.40,10.00,1,SUCCESS,NO
P167,07:00,Maharagama,Avissawella,19.00,45.60,10.00,1,SUCCESS,NO
P168,07:00,Nugegoda,Homagama,11.00,26.40,5.00,0,SUCCESS,NO
P169,07:00,Maharagama,Kottawa,10.00,24.00,10.00,1,SUCCESS,NO
P170,07:00,Nugegoda,Kottawa,5.00,12.00,5.00,0,SUCCESS,NO
P171,07:00,Nugegoda,Moratuwa,25.00,60.00,10.00,1,SUCCESS,NO
P172,07:00,Maradana,Moratuwa,22.00,52.80,15.00,2,SUCCESS,NO
P173,07:00,Pettah,Moratuwa,20.00,48.00,10.00,1,SUCCESS,NO
P174,07:00,Maradana,Homagama,15.00,36.00,10.00,1,SUCCESS,NO
P175,07:00,Nugegoda,Wellawatte,23.00,55.20,15.00,2,SUCCESS,NO
P176,07:00,Pettah,Avissawella,29.00,69.60,10.00,1,SUCCESS,NO
P177,07:00,Nugegoda,Kottawa,5.00,12.00,5.00,0,SUCCESS,NO
P178,07:00,Maharagama,Kottawa,10.00,24.00,10.00,1,SUCCESS,NO
P179,07:00,Maharagama,Kottawa,10.00,24.00,10.00,1,SUCCESS,NO
P180,07:00,Maharagama,Avissawella,19.00,45.60,10.00,1,SUCCESS,NO
P181,07:00,Nugegoda,Kottawa,5.00,12.00,5.00,0,SUCCESS,NO
P182,07:00,Maharagama,Avissawella,19.00,45.60,10.00,1,SUCCESS,NO
P183,07:00,Nugegoda,Kottawa,5.00,12.00,5.00,0,SUCCESS,NO
P184,07:00,Pettah,Moratuwa,20.00,48.00,10.00,1,SUCCESS,NO
P185,07:00,Maradana,Avissawella,27.00,64.80,10.00,1,SUCCESS,NO
P186,07:00,Pettah,Avissawella,0.00,0.00,0.00,0,FAILED,YES
P187,07:00,Nugegoda,Avissawella,23.00,55.20,5.00,0,SUCCESS,NO
P188,07:00,Maradana,Homagama,0.00,0.00,0.00,0,FAILED,YES
P189,07:00,Maharagama,Kottawa,0.00,0.00,0.00,0,FAILED,YES
P190,07:00,Nugegoda,Homagama,11.00,26.40,5.00,0,SUCCESS,NO
P191,07:00,Nugegoda,Avissawella,23.00,55.20,5.00,0,SUCCESS,NO
P192,07:00,Maharagama,Wellawatte,0.00,0.00,0.00,0,FAILED,YES
P193,07:00,Maharagama,Dehiwala,0.00,0.00,0.00,0,FAILED,YES
P194,07:00,Pettah,Moratuwa,20.00,48.00,10.00,1,SUCCESS,NO
P195,07:00,Pettah,Kottawa,0.00,0.00,0.00,0,FAILED,YES
P196,07:00,Maharagama,Homagama,7.00,16.80,5.00,0,SUCCESS,NO
P197,07:00,Maharagama,Wellawatte,0.00,0.00,0.00,0,FAILED,YES
P198,07:00,Nugegoda,Avissawella,23.00,55.20,5.00,0,SUCCESS,NO
P199,07:00,Maradana,Dehiwala,0.00,0.00,0.00,0,FAILED,YES
P200,07:00,Maharagama,Dehiwala,0.00,0.00,0.00,0,FAILED,YES
P201,07:00,Maharagama,Dehiwala,0.00,0.00,0.00,0,FAILED,YES
P202,07:00,Nugegoda,Homagama,11.00,26.40,5.00,0,SUCCESS,NO
P203,07:00,Nugegoda,Wellawatte,0.00,0.00,0.00,0,FAILED,YES
P204,07:00,Pettah,Wellawatte,17.00,40.80,10.00,1,SUCCESS,NO
P205,07:00,Pettah,Avissawella,0.00,0.00,0.00,0,FAILED,YES
P206,07:00,Pettah,Moratuwa,20.00,48.00,10.00,1,SUCCESS,NO
P207,07:00,Maharagama,Homagama,7.00,16.80,5.00,0,SUCCESS,NO
P208,07:00,Maharagama,Moratuwa,0.00,0.00,0.00,0,FAILED,YES
P209,07:00,Pettah,Dehiwala,9.00,21.60,5.00,0,SUCCESS,NO
P210,07:00,Maradana,Wellawatte,0.00,0.00,0.00,0,FAILED,YES
P211,07:00,Maharagama,Homagama,7.00,16.80,5.00,0,SUCCESS,NO
P212,07:00,Nugegoda,Homagama,0.00,0.00,0.00,0,FAILED,YES
P213,07:00,Nugegoda,Homagama,0.00,0.00,0.00,0,FAILED,YES
P214,07:00,Nugegoda,Kottawa,0.00,0.00,0.00,0,FAILED,YES
P215,07:00,Maradana,Moratuwa,0.00,0.00,0.00,0,FAILED,YES
P216,07:00,Nugegoda,Dehiwala,0.00,0.00,0.00,0,FAILED,YES
P217,07:00,Maradana,Dehiwala,0.00,0.00,0.00,0,FAILED,YES
P218,07:00,Maharagama,Moratuwa,0.00,0.00,0.00,0,FAILED,YES
P219,07:00,Pettah,Homagama,0.00,0.00,0.00,0,FAILED,YES
P220,07:00,Pettah,Homagama,0.00,0.00,0.00,0,FAILED,YES
P221,08:00,Nugegoda,Kottawa,5.00,12.00,5.00,0,SUCCESS,NO
P222,08:00,Pettah,Wellawatte,17.00,40.80,10.00,1,SUCCESS,NO
P223,08:00,Pettah,Dehiwala,9.00,21.60,5.00,0,SUCCESS,NO
P224,08:00,Nugegoda,Homagama,11.00,26.40,5.00,0,SUCCESS,NO
P225,08:00,Maradana,Avissawella,27.00,64.80,10.00,1,SUCCESS,NO
P226,08:00,Pettah,Homagama,17.00,40.80,10.00,1,SUCCESS,NO
P227,08:00,Nugegoda,Avissawella,23.00,55.20,5.00,0,SUCCESS,NO
P228,08:00,Nugegoda,Kottawa,5.00,12.00,5.00,0,SUCCESS,NO
P229,08:00,Nugegoda,Homagama,11.00,26.40,5.00,0,SUCCESS,NO
P230,08:00,Maharagama,Avissawella,19.00,45.60,10.00,1,SUCCESS,NO
P231,08:00,Nugegoda,Moratuwa,25.00,60.00,10.00,1,SUCCESS,NO
P232,08:00,Pettah,Wellawatte,17.00,40.80,10.00,1,SUCCESS,NO
P233,08:00,Maharagama,Wellawatte,28.00,67.20,15.00,2,SUCCESS,NO
P234,08:00,Maharagama,Wellawatte,28.00,67.20,15.00,2,SUCCESS,NO
P235,08:00,Pettah,Homagama,17.00,40.80,10.00,1,SUCCESS,NO
P236,08:00,Maharagama,Wellawatte,28.00,67.20,15.00,2,SUCCESS,NO
P237,08:00,Nugegoda,Moratuwa,25.00,60.00,10.00,1,SUCCESS,NO
P238,08:00,Maradana,Wellawatte,19.00,45.60,15.00,2,SUCCESS,NO
P239,08:00,Nugegoda,Moratuwa,25.00,60.00,10.00,1,SUCCESS,NO
P240,08:00,Nugegoda,Homagama,11.00,26.40,5.00,0,SUCCESS,NO
P241,08:00,Maradana,Wellawatte,19.00,45.60,15.00,2,SUCCESS,NO
P242,08:00,Maharagama,Avissawella,19.00,45.60,10.00,1,SUCCESS,NO
P243,08:00,Maharagama,Moratuwa,30.00,72.00,15.00,2,SUCCESS,NO
P244,08:00,Maradana,Avissawella,27.00,64.80,10.00,1,SUCCESS,NO
P245,08:00,Pettah,Moratuwa,20.00,48.00,10.00,1,SUCCESS,NO
P246,08:00,Maradana,Kottawa,9.00,21.60,10.00,1,SUCCESS,NO
P247,08:00,Pettah,Dehiwala,9.00,21.60,5.00,0,SUCCESS,NO
P248,08:00,Pettah,Moratuwa,20.00,48.00,10.00,1,SUCCESS,NO
P249,08:00,Pettah,Homagama,17.00,40.80,10.00,1,SUCCESS,NO
P250,08:00,Nugegoda,Kottawa,5.00,12.00,5.00,0,SUCCESS,NO
P251,08:00,Pettah,Homagama,17.00,40.80,10.00,1,SUCCESS,NO
P252,08:00,Pettah,Moratuwa,20.00,48.00,10.00,1,SUCCESS,NO
P253,08:00,Pettah,Dehiwala,9.00,21.60,5.00,0,SUCCESS,NO
P254,08:00,Nugegoda,Homagama,11.00,26.40,5.00,0,SUCCESS,NO
P255,08:00,Maradana,Avissawella,27.00,64.80,10.00,1,SUCCESS,NO
P256,08:00,Maharagama,Wellawatte,28.00,67.20,15.00,2,SUCCESS,NO
P257,08:00,Maradana,Homagama,15.00,36.00,10.00,1,SUCCESS,NO
P258,08:00,Maradana,Kottawa,9.00,21.60,10.00,1,SUCCESS,NO
P259,08:00,Nugegoda,Homagama,11.00,26.40,5.00,0,SUCCESS,NO
P260,08:00,Nugegoda,Kottawa,5.00,12.00,5.00,0,SUCCESS,NO
P261,08:00,Pettah,Moratuwa,20.00,48.00,10.00,1,SUCCESS,NO
P262,08:00,Pettah,Homagama,17.00,40.80,10.00,1,SUCCESS,NO
P263,08:00,Nugegoda,Kottawa,5.00,12.00,5.00,0,SUCCESS,NO
P264,08:00,Maharagama,Kottawa,10.00,24.00,10.00,1,SUCCESS,NO
P265,08:00,Maradana,Moratuwa,22.00,52.80,15.00,2,SUCCESS,NO
P266,08:00,Maradana,Wellawatte,19.00,45.60,15.00,2,SUCCESS,NO
P267,08:00,Nugegoda,Wellawatte,23.00,55.20,15.00,2,SUCCESS,NO
P268,08:00,Maharagama,Avissawella,19.00,45.60,10.00,1,SUCCESS,NO
P269,08:00,Maharagama,Kottawa,10.00,24.00,10.00,1,SUCCESS,NO
P270,08:00,Nugegoda,Avissawella,23.00,55.20,5.00,0,SUCCESS,NO
P271,08:00,Pettah,Moratuwa,20.00,48.00,10.00,1,SUCCESS,NO
P272,08:00,Maharagama,Moratuwa,30.00,72.00,15.00,2,SUCCESS,NO
P273,08:00,Maradana,Moratuwa,22.00,52.80,15.00,2,SUCCESS,NO
P274,08:00,Nugegoda,Homagama,11.00,26.40,5.00,0,SUCCESS,NO
P275,08:00,Maradana,Dehiwala,11.00,26.40,10.00,1,SUCCESS,NO
P276,08:00,Maradana,Homagama,15.00,36.00,10.00,1,SUCCESS,NO
P277,08:00,Maradana,Avissawella,27.00,64.80,10.00,1,SUCCESS,NO
P278,08:00,Maradana,Dehiwala,11.00,26.40,10.00,1,SUCCESS,NO
P279,08:00,Pettah,Homagama,17.00,40.80,10.00,1,SUCCESS,NO
P280,08:00,Nugegoda,Kottawa,5.00,12.00,5.00,0,SUCCESS,NO
P281,08:00,Maradana,Homagama,15.00,36.00,10.00,1,SUCCESS,NO
P282,08:00,Maharagama,Moratuwa,30.00,72.00,15.00,2,SUCCESS,NO
P283,08:00,Nugegoda,Kottawa,0.00,0.00,0.00,0,FAILED,YES
P284,08:00,Pettah,Kottawa,0.00,0.00,0.00,0,FAILED,YES
P285,08:00,Maradana,Kottawa,0.00,0.00,0.00,0,FAILED,YES
P286,08:00,Nugegoda,Kottawa,0.00,0.00,0.00,0,FAILED,YES
P287,08:00,Pettah,Moratuwa,20.00,48.00,10.00,1,SUCCESS,NO
P288,08:00,Pettah,Wellawatte,17.00,40.80,10.00,1,SUCCESS,NO
P289,08:00,Pettah,Homagama,0.00,0.00,0.00,0,FAILED,YES
P290,08:00,Nugegoda,Kottawa,0.00,0.00,0.00,0,FAILED,YES
P291,08:00,Nugegoda,Dehiwala,15.00,36.00,10.00,1,SUCCESS,NO
P292,08:00,Nugegoda,Kottawa,0.00,0.00,0.00,0,FAILED,YES
P293,08:00,Pettah,Wellawatte,17.00,40.80,10.00,1,SUCCESS,NO
P294,08:00,Maharagama,Avissawella,0.00,0.00,0.00,0,FAILED,YES
P295,08:00,Pettah,Dehiwala,9.00,21.60,5.00,0,SUCCESS,NO
P296,08:00,Nugegoda,Wellawatte,23.00,55.20,15.00,2,SUCCESS,NO
P297,08:00,Maradana,Kottawa,0.00,0.00,0.00,0,FAILED,YES
P298,08:00,Maharagama,Dehiwala,20.00,48.00,10.00,1,SUCCESS,NO
P299,08:00,Nugegoda,Kottawa,0.00,0.00,0.00,0,FAILED,YES
P300,08:00,Maharagama,Moratuwa,0.00,0.00,0.00,0,FAILED,YES
P301,08:00,Pettah,Avissawella,0.00,0.00,0.00,0,FAILED,YES
P302,08:00,Maharagama,Homagama,7.00,16.80,5.00,0,SUCCESS,NO
P303,08:00,Maradana,Moratuwa,0.00,0.00,0.00,0,FAILED,YES
P304,08:00,Pettah,Wellawatte,17.00,40.80,10.00,1,SUCCESS,NO
P305,08:00,Maharagama,Moratuwa,0.00,0.00,0.00,0,FAILED,YES
P306,08:00,Nugegoda,Avissawella,0.00,0.00,0.00,0,FAILED,YES
P307,08:00,Maradana,Avissawella,0.00,0.00,0.00,0,FAILED,YES
P308,08:00,Nugegoda,Kottawa,0.00,0.00,0.00,0,FAILED,YES
P309,08:00,Maradana,Wellawatte,0.00,0.00,0.00,0,FAILED,YES
P310,08:00,Nugegoda,Avissawella,0.00,0.00,0.00,0,FAILED,YES
P311,08:00,Pettah,Avissawella,0.00,0.00,0.00,0,FAILED,YES
P312,08:00,Nugegoda,Moratuwa,0.00,0.00,0.00,0,FAILED,YES
P313,08:00,Maradana,Moratuwa,0.00,0.00,0.00,0,FAILED,YES
P314,08:00,Maharagama,Dehiwala,0.00,0.00,0.00,0,FAILED,YES
P315,08:00,Pettah,Homagama,0.00,0.00,0.00,0,FAILED,YES
P316,08:00,Maradana,Dehiwala,0.00,0.00,0.00,0,FAILED,YES
P317,08:00,Pettah,Dehiwala,9.00,21.60,5.00,0,SUCCESS,NO
P318,08:00,Nugegoda,Moratuwa,0.00,0.00,0.00,0,FAILED,YES
P319,08:00,Maharagama,Moratuwa,0.00,0.00,0.00,0,FAILED,YES
P320,08:00,Maradana,Wellawatte,0.00,0.00,0.00,0,FAILED,YES
P321,08:00,Nugegoda,Dehiwala,0.00,0.00,0.00,0,FAILED,YES
P322,08:00,Pettah,Moratuwa,20.00,48.00,10.00,1,SUCCESS,NO
P323,08:00,Pettah,Wellawatte,17.00,40.80,10.00,1,SUCCESS,NO
P324,08:00,Pettah,Avissawella,0.00,0.00,0.00,0,FAILED,YES
P325,08:00,Pettah,Dehiwala,9.00,21.60,5.00,0,SUCCESS,NO
P326,08:00,Nugegoda,Wellawatte,0.00,0.00,0.00,0,FAILED,YES
P327,08:00,Maradana,Homagama,0.00,0.00,0.00,0,FAILED,YES
P328,08:00,Nugegoda,Avissawella,0.00,0.00,0.00,0,FAILED,YES
P329,08:00,Maradana,Kottawa,0.00,0.00,0.00,0,FAILED,YES
P330,08:00,Maharagama,Kottawa,0.00,0.00,0.00,0,FAILED,YES
P331,08:00,Pettah,Kottawa,0.00,0.00,0.00,0,FAILED,YES
P332,08:00,Maradana,Kottawa,0.00,0.00,0.00,0,FAILED,YES
P333,08:00,Nugegoda,Wellawatte,0.00,0.00,0.00,0,FAILED,YES
P334,08:00,Nugegoda,Homagama,0.00,0.00,0.00,0,FAILED,YES
P335,08:00,Maradana,Avissawella,0.00,0.00,0.00,0,FAILED,YES
P336,08:00,Nugegoda,Homagama,0.00,0.00,0.00,0,FAILED,YES
P337,08:00,Maradana,Homagama,0.00,0.00,0.00,0,FAILED,YES
P338,08:00,Nugegoda,Avissawella,0.00,0.00,0.00,0,FAILED,YES
P339,08:00,Maradana,Kottawa,0.00,0.00,0.00,0,FAILED,YES
P340,08:00,Pettah,Homagama,0.00,0.00,0.00,0,FAILED,YES
P341,08:00,Pettah,Kottawa,0.00,0.00,0.00,0,FAILED,YES
P342,08:00,Maharagama,Homagama,7.00,16.80,5.00,0,SUCCESS,NO
P343,08:00,Nugegoda,Dehiwala,0.00,0.00,0.00,0,FAILED,YES
P344,08:00,Nugegoda,Kottawa,0.00,0.00,0.00,0,FAILED,YES
P345,08:00,Pettah,Avissawella,0.00,0.00,0.00,0,FAILED,YES
P346,08:00,Maradana,Avissawella,0.00,0.00,0.00,0,FAILED,YES
P347,08:00,Pettah,Dehiwala,9.00,21.60,5.00,0,SUCCESS,NO
P348,08:00,Maharagama,Kottawa,0.00,0.00,0.00,0,FAILED,YES
P349,08:00,Nugegoda,Wellawatte,0.00,0.00,0.00,0,FAILED,YES
P350,08:00,Maharagama,Homagama,7.00,16.80,5.00,0,SUCCESS,NO
P351,08:00,Pettah,Moratuwa,20.00,48.00,10.00,1,SUCCESS,NO
P352,08:00,Pettah,Moratuwa,20.00,48.00,10.00,1,SUCCESS,NO
P353,08:00,Maharagama,Moratuwa,0.00,0.00,0.00,0,FAILED,YES
P354,08:00,Maharagama,Moratuwa,0.00,0.00,0.00,0,FAILED,YES
P355,08:00,Maradana,Dehiwala,0.00,0.00,0.00,0,FAILED,YES
P356,08:00,Nugegoda,Homagama,0.00,0.00,0.00,0,FAILED,YES
P357,08:00,Maradana,Kottawa,0.00,0.00,0.00,0,FAILED,YES
P358,08:00,Nugegoda,Kottawa,0.00,0.00,0.00,0,FAILED,YES
P359,08:00,Pettah,Wellawatte,17.00,40.80,10.00,1,SUCCESS,NO
P360,08:00,Nugegoda,Homagama,0.00,0.00,0.00,0,FAILED,YES
P361,08:00,Maharagama,Kottawa,0.00,0.00,0.00,0,FAILED,YES
P362,08:00,Maharagama,Dehiwala,0.00,0.00,0.00,0,FAILED,YES
P363,08:00,Nugegoda,Dehiwala,0.00,0.00,0.00,0,FAILED,YES
P364,08:00,Maharagama,Kottawa,0.00,0.00,0.00,0,FAILED,YES
P365,08:00,Pettah,Kottawa,0.00,0.00,0.00,0,FAILED,YES
P366,08:00,Maradana,Wellawatte,0.00,0.00,0.00,0,FAILED,YES
P367,08:00,Maharagama,Kottawa,0.00,0.00,0.00,0,FAILED,YES
P368,08:00,Maradana,Avissawella,0.00,0.00,0.00,0,FAILED,YES
P369,08:00,Pettah,Wellawatte,17.00,40.80,10.00,1,SUCCESS,NO
P370,08:00,Maharagama,Kottawa,0.00,0.00,0.00,0,FAILED,YES
P371,09:00,Maharagama,Kottawa,10.00,24.00,15.00,1,SUCCESS,NO
P372,09:00,Nugegoda,Homagama,11.00,26.40,7.50,0,SUCCESS,NO
P373,09:00,Maradana,Avissawella,27.00,64.80,15.00,1,SUCCESS,NO
P374,09:00,Nugegoda,Kottawa,5.00,12.00,7.50,0,SUCCESS,NO
P375,09:00,Maharagama,Kottawa,10.00,24.00,15.00,1,SUCCESS,NO
P376,09:00,Maharagama,Moratuwa,30.00,72.00,22.50,2,SUCCESS,NO
P377,09:00,Nugegoda,Moratuwa,25.00,60.00,15.00,1,SUCCESS,NO
P378,09:00,Pettah,Homagama,17.00,40.80,15.00,1,SUCCESS,NO
P379,09:00,Maharagama,Moratuwa,30.00,72.00,22.50,2,SUCCESS,NO
P380,09:00,Nugegoda,Kottawa,5.00,12.00,7.50,0,SUCCESS,NO
P381,09:00,Maharagama,Wellawatte,28.00,67.20,22.50,2,SUCCESS,NO
P382,09:00,Pettah,Avissawella,29.00,69.60,15.00,1,SUCCESS,NO
P383,09:00,Pettah,Wellawatte,17.00,40.80,15.00,1,SUCCESS,NO
P384,09:00,Maharagama,Homagama,7.00,16.80,7.50,0,SUCCESS,NO
P385,09:00,Nugegoda,Dehiwala,15.00,36.00,15.00,1,SUCCESS,NO
P386,09:00,Maharagama,Wellawatte,28.00,67.20,22.50,2,SUCCESS,NO
P387,09:00,Pettah,Moratuwa,20.00,48.00,15.00,1,SUCCESS,NO
P388,09:00,Maradana,Avissawella,27.00,64.80,15.00,1,SUCCESS,NO
P389,09:00,Nugegoda,Wellawatte,23.00,55.20,22.50,2,SUCCESS,NO
P390,09:00,Maharagama,Avissawella,19.00,45.60,15.00,1,SUCCESS,NO
P391,09:00,Maharagama,Wellawatte,28.00,67.20,22.50,2,SUCCESS,NO
P392,09:00,Pettah,Kottawa,11.00,26.40,15.00,1,SUCCESS,NO
P393,09:00,Pettah,Wellawatte,17.00,40.80,15.00,1,SUCCESS,NO
P394,09:00,Pettah,Dehiwala,9.00,21.60,7.50,0,SUCCESS,NO
P395,09:00,Nugegoda,Avissawella,23.00,55.20,7.50,0,SUCCESS,NO
P396,09:00,Nugegoda,Avissawella,23.00,55.20,7.50,0,SUCCESS,NO
P397,09:00,Pettah,Avissawella,29.00,69.60,15.00,1,SUCCESS,NO
P398,09:00,Maradana,Kottawa,9.00,21.60,15.00,1,SUCCESS,NO
P399,09:00,Pettah,Avissawella,29.00,69.60,15.00,1,SUCCESS,NO
P400,09:00,Maradana,Moratuwa,22.00,52.80,22.50,2,SUCCESS,NO
P401,09:00,Maharagama,Dehiwala,20.00,48.00,15.00,1,SUCCESS,NO
P402,09:00,Maradana,Kottawa,9.00,21.60,15.00,1,SUCCESS,NO
P403,09:00,Pettah,Homagama,17.00,40.80,15.00,1,SUCCESS,NO
P404,09:00,Maradana,Wellawatte,19.00,45.60,22.50,2,SUCCESS,NO
P405,09:00,Maradana,Dehiwala,11.00,26.40,15.00,1,SUCCESS,NO
P406,09:00,Maradana,Moratuwa,22.00,52.80,22.50,2,SUCCESS,NO
P407,09:00,Maharagama,Wellawatte,28.00,67.20,22.50,2,SUCCESS,NO
P408,09:00,Maradana,Moratuwa,22.00,52.80,22.50,2,SUCCESS,NO
P409,09:00,Nugegoda,Dehiwala,15.00,36.00,15.00,1,SUCCESS,NO
P410,09:00,Maharagama,Homagama,7.00,16.80,7.50,0,SUCCESS,NO
P411,09:00,Pettah,Kottawa,11.00,26.40,15.00,1,SUCCESS,NO
P412,09:00,Maradana,Kottawa,9.00,21.60,15.00,1,SUCCESS,NO
P413,09:00,Maharagama,Dehiwala,20.00,48.00,15.00,1,SUCCESS,NO
P414,09:00,Nugegoda,Kottawa,5.00,12.00,7.50,0,SUCCESS,NO
P415,09:00,Nugegoda,Avissawella,23.00,55.20,7.50,0,SUCCESS,NO
P416,09:00,Maharagama,Moratuwa,30.00,72.00,22.50,2,SUCCESS,NO
P417,09:00,Pettah,Kottawa,11.00,26.40,15.00,1,SUCCESS,NO
P418,09:00,Maharagama,Dehiwala,20.00,48.00,15.00,1,SUCCESS,NO
P419,09:00,Nugegoda,Dehiwala,15.00,36.00,15.00,1,SUCCESS,NO
P420,09:00,Pettah,Moratuwa,20.00,48.00,15.00,1,SUCCESS,NO
P421,09:00,Nugegoda,Homagama,11.00,26.40,7.50,0,SUCCESS,NO
P422,09:00,Pettah,Avissawella,29.00,69.60,15.00,1,SUCCESS,NO
P423,09:00,Pettah,Kottawa,11.00,26.40,15.00,1,SUCCESS,NO
P424,09:00,Nugegoda,Moratuwa,25.00,60.00,15.00,1,SUCCESS,NO
P425,09:00,Pettah,Moratuwa,20.00,48.00,15.00,1,SUCCESS,NO
P426,09:00,Maradana,Homagama,15.00,36.00,15.00,1,SUCCESS,NO
P427,09:00,Maradana,Wellawatte,19.00,45.60,22.50,2,SUCCESS,NO
P428,09:00,Nugegoda,Wellawatte,23.00,55.20,22.50,2,SUCCESS,NO
P429,09:00,Maharagama,Dehiwala,20.00,48.00,15.00,1,SUCCESS,NO
P430,09:00,Maradana,Moratuwa,0.00,0.00,0.00,0,FAILED,YES
P431,09:00,Pettah,Kottawa,0.00,0.00,0.00,0,FAILED,YES
P432,09:00,Maradana,Kottawa,0.00,0.00,0.00,0,FAILED,YES
P433,09:00,Maradana,Dehiwala,0.00,0.00,0.00,0,FAILED,YES
P434,09:00,Pettah,Dehiwala,9.00,21.60,7.50,0,SUCCESS,NO
P435,09:00,Pettah,Wellawatte,17.00,40.80,15.00,1,SUCCESS,NO
P436,09:00,Maradana,Moratuwa,0.00,0.00,0.00,0,FAILED,YES
P437,09:00,Pettah,Avissawella,0.00,0.00,0.00,0,FAILED,YES
P438,09:00,Maradana,Wellawatte,0.00,0.00,0.00,0,FAILED,YES
P439,09:00,Nugegoda,Homagama,11.00,26.40,7.50,0,SUCCESS,NO
P440,09:00,Maharagama,Dehiwala,0.00,0.00,0.00,0,FAILED,YES
P441,09:00,Maradana,Homagama,0.00,0.00,0.00,0,FAILED,YES
P442,09:00,Maharagama,Dehiwala,0.00,0.00,0.00,0,FAILED,YES
P443,09:00,Maradana,Homagama,0.00,0.00,0.00,0,FAILED,YES
P444,09:00,Maradana,Homagama,0.00,0.00,0.00,0,FAILED,YES
P445,09:00,Nugegoda,Avissawella,23.00,55.20,7.50,0,SUCCESS,NO
P446,09:00,Maradana,Kottawa,0.00,0.00,0.00,0,FAILED,YES
P447,09:00,Maharagama,Wellawatte,0.00,0.00,0.00,0,FAILED,YES
P448,09:00,Pettah,Homagama,0.00,0.00,0.00,0,FAILED,YES
P449,09:00,Maradana,Wellawatte,0.00,0.00,0.00,0,FAILED,YES
P450,09:00,Pettah,Moratuwa,20.00,48.00,15.00,1,SUCCESS,NO
P451,09:00,Pettah,Dehiwala,9.00,21.60,7.50,0,SUCCESS,NO
P452,09:00,Pettah,Kottawa,0.00,0.00,0.00,0,FAILED,YES
P453,09:00,Pettah,Kottawa,0.00,0.00,0.00,0,FAILED,YES
P454,09:00,Nugegoda,Homagama,11.00,26.40,7.50,0,SUCCESS,NO
P455,09:00,Pettah,Kottawa,0.00,0.00,0.00,0,FAILED,YES
P456,09:00,Maradana,Wellawatte,0.00,0.00,0.00,0,FAILED,YES
P457,09:00,Nugegoda,Moratuwa,25.00,60.00,15.00,1,SUCCESS,NO
P458,09:00,Maharagama,Kottawa,0.00,0.00,0.00,0,FAILED,YES
P459,09:00,Maharagama,Homagama,7.00,16.80,7.50,0,SUCCESS,NO
P460,09:00,Nugegoda,Moratuwa,25.00,60.00,15.00,1,SUCCESS,NO
P461,09:00,Maradana,Homagama,0.00,0.00,0.00,0,FAILED,YES
P462,09:00,Maharagama,Homagama,7.00,16.80,7.50,0,SUCCESS,NO
P463,09:00,Maharagama,Moratuwa,0.00,0.00,0.00,0,FAILED,YES
P464,09:00,Nugegoda,Homagama,11.00,26.40,7.50,0,SUCCESS,NO
P465,09:00,Maradana,Kottawa,0.00,0.00,0.00,0,FAILED,YES
P466,09:00,Maharagama,Moratuwa,0.00,0.00,0.00,0,FAILED,YES
P467,09:00,Nugegoda,Wellawatte,0.00,0.00,0.00,0,FAILED,YES
P468,09:00,Nugegoda,Dehiwala,0.00,0.00,0.00,0,FAILED,YES
P469,09:00,Maradana,Moratuwa,0.00,0.00,0.00,0,FAILED,YES
P470,09:00,Maradana,Avissawella,0.00,0.00,0.00,0,FAILED,YES
P471,10:00,Avissawella,Dehiwala,38.00,91.20,22.50,2,SUCCESS,NO
P472,10:00,Avissawella,Maradana,27.00,64.80,15.00,1,SUCCESS,NO
P473,10:00,Moratuwa,Wellawatte,3.00,7.20,7.50,0,SUCCESS,NO
P474,10:00,Pettah,Maharagama,11.00,26.40,7.50,0,SUCCESS,NO
P475,10:00,Pettah,Homagama,17.00,40.80,15.00,1,SUCCESS,NO
P476,10:00,Moratuwa,Kottawa,20.00,48.00,7.50,0,SUCCESS,NO
P477,10:00,Moratuwa,Nugegoda,25.00,60.00,15.00,1,SUCCESS,NO
P478,10:00,Dehiwala,Nugegoda,15.00,36.00,15.00,1,SUCCESS,NO
P479,10:00,Avissawella,Nugegoda,23.00,55.20,7.50,0,SUCCESS,NO
P480,10:00,Nugegoda,Maradana,4.00,9.60,7.50,0,SUCCESS,NO
P481,10:00,Pettah,Nugegoda,6.00,14.40,7.50,0,SUCCESS,NO
P482,10:00,Avissawella,Pettah,29.00,69.60,15.00,1,SUCCESS,NO
P483,10:00,Avissawella,Kottawa,18.00,43.20,7.50,0,SUCCESS,NO
P484,10:00,Moratuwa,Pettah,20.00,48.00,15.00,1,SUCCESS,NO
P485,10:00,Moratuwa,Homagama,26.00,62.40,15.00,1,SUCCESS,NO
P486,10:00,Avissawella,Dehiwala,38.00,91.20,22.50,2,SUCCESS,NO
P487,10:00,Kottawa,Homagama,6.00,14.40,7.50,0,SUCCESS,NO
P488,10:00,Homagama,Maharagama,7.00,16.80,7.50,0,SUCCESS,NO
P489,10:00,Pettah,Maharagama,11.00,26.40,7.50,0,SUCCESS,NO
P490,10:00,Wellawatte,Avissawella,41.00,98.40,15.00,1,SUCCESS,NO
P491,10:00,Nugegoda,Homagama,11.00,26.40,7.50,0,SUCCESS,NO
P492,10:00,Maradana,Maharagama,9.00,21.60,7.50,0,SUCCESS,NO
P493,10:00,Pettah,Moratuwa,20.00,48.00,15.00,1,SUCCESS,NO
P494,10:00,Homagama,Dehiwala,26.00,62.40,22.50,2,SUCCESS,NO
P495,10:00,Kottawa,Dehiwala,20.00,48.00,22.50,2,SUCCESS,NO
P496,10:00,Kottawa,Wellawatte,23.00,55.20,7.50,0,SUCCESS,NO
P497,10:00,Avissawella,Maradana,27.00,64.80,15.00,1,SUCCESS,NO
P498,10:00,Maradana,Homagama,15.00,36.00,15.00,1,SUCCESS,NO
P499,10:00,Kottawa,Pettah,11.00,26.40,15.00,1,SUCCESS,NO
P500,10:00,Avissawella,Dehiwala,38.00,91.20,22.50,2,SUCCESS,NO
P501,10:00,Maharagama,Kottawa,10.00,24.00,15.00,1,SUCCESS,NO
P502,10:00,Avissawella,Maharagama,19.00,45.60,15.00,1,SUCCESS,NO
P503,10:00,Nugegoda,Kottawa,5.00,12.00,7.50,0,SUCCESS,NO
P504,10:00,Maradana,Wellawatte,19.00,45.60,22.50,2,SUCCESS,NO
P505,10:00,Nugegoda,Avissawella,23.00,55.20,7.50,0,SUCCESS,NO
P506,10:00,Dehiwala,Maradana,11.00,26.40,15.00,1,SUCCESS,NO
P507,10:00,Moratuwa,Homagama,26.00,62.40,15.00,1,SUCCESS,NO
P508,10:00,Pettah,Nugegoda,6.00,14.40,7.50,0,SUCCESS,NO
P509,10:00,Homagama,Moratuwa,26.00,62.40,15.00,1,SUCCESS,NO
P510,10:00,Maharagama,Wellawatte,28.00,67.20,22.50,2,SUCCESS,NO
P511,10:00,Maradana,Homagama,15.00,36.00,15.00,1,SUCCESS,NO
P512,10:00,Maharagama,Pettah,11.00,26.40,7.50,0,SUCCESS,NO
P513,10:00,Pettah,Avissawella,29.00,69.60,15.00,1,SUCCESS,NO
P514,10:00,Maharagama,Pettah,11.00,26.40,7.50,0,SUCCESS,NO
P515,10:00,Nugegoda,Moratuwa,25.00,60.00,15.00,1,SUCCESS,NO
P516,10:00,Moratuwa,Avissawella,38.00,91.20,15.00,1,SUCCESS,NO
P517,10:00,Nugegoda,Avissawella,23.00,55.20,7.50,0,SUCCESS,NO
P518,10:00,Avissawella,Kottawa,18.00,43.20,7.50,0,SUCCESS,NO
P519,10:00,Nugegoda,Kottawa,5.00,12.00,7.50,0,SUCCESS,NO
P520,10:00,Nugegoda,Dehiwala,15.00,36.00,15.00,1,SUCCESS,NO
P521,10:00,Wellawatte,Pettah,17.00,40.80,15.00,1,SUCCESS,NO
P522,10:00,Moratuwa,Maradana,22.00,52.80,22.50,2,SUCCESS,NO
P523,10:00,Wellawatte,Nugegoda,23.00,55.20,22.50,2,SUCCESS,NO
P524,10:00,Dehiwala,Pettah,9.00,21.60,7.50,0,SUCCESS,NO
P525,10:00,Moratuwa,Nugegoda,25.00,60.00,15.00,1,SUCCESS,NO
P526,10:00,Avissawella,Moratuwa,38.00,91.20,15.00,1,SUCCESS,NO
P527,10:00,Avissawella,Kottawa,18.00,43.20,7.50,0,SUCCESS,NO
P528,10:00,Avissawella,Pettah,29.00,69.60,15.00,1,SUCCESS,NO
P529,10:00,Maradana,Dehiwala,11.00,26.40,15.00,1,SUCCESS,NO
P530,10:00,Avissawella,Moratuwa,38.00,91.20,15.00,1,SUCCESS,NO
P531,10:00,Dehiwala,Wellawatte,8.00,19.20,7.50,0,SUCCESS,NO
P532,10:00,Dehiwala,Avissawella,38.00,91.20,22.50,2,SUCCESS,NO
P533,10:00,Maharagama,Maradana,9.00,21.60,7.50,0,SUCCESS,NO
P534,10:00,Maradana,Maharagama,9.00,21.60,7.50,0,SUCCESS,NO
P535,10:00,Wellawatte,Kottawa,23.00,55.20,7.50,0,SUCCESS,NO
P536,10:00,Maradana,Avissawella,27.00,64.80,15.00,1,SUCCESS,NO
P537,10:00,Maharagama,Pettah,11.00,26.40,7.50,0,SUCCESS,NO
P538,10:00,Homagama,Maharagama,7.00,16.80,7.50,0,SUCCESS,NO
P539,10:00,Nugegoda,Homagama,11.00,26.40,7.50,0,SUCCESS,NO
P540,10:00,Wellawatte,Homagama,29.00,69.60,15.00,1,SUCCESS,NO
P541,11:00,Pettah,Homagama,17.00,40.80,15.00,1,SUCCESS,NO
P542,11:00,Avissawella,Wellawatte,41.00,98.40,15.00,1,SUCCESS,NO
P543,11:00,Nugegoda,Dehiwala,15.00,36.00,15.00,1,SUCCESS,NO
P544,11:00,Moratuwa,Homagama,26.00,62.40,15.00,1,SUCCESS,NO
P545,11:00,Kottawa,Pettah,11.00,26.40,15.00,1,SUCCESS,NO
P546,11:00,Homagama,Moratuwa,26.00,62.40,15.00,1,SUCCESS,NO
P547,11:00,Kottawa,Maharagama,10.00,24.00,15.00,1,SUCCESS,NO
P548,11:00,Maharagama,Homagama,7.00,16.80,7.50,0,SUCCESS,NO
P549,11:00,Moratuwa,Maharagama,30.00,72.00,22.50,2,SUCCESS,NO
P550,11:00,Homagama,Nugegoda,11.00,26.40,7.50,0,SUCCESS,NO
P551,11:00,Maradana,Homagama,15.00,36.00,15.00,1,SUCCESS,NO
P552,11:00,Dehiwala,Maradana,11.00,26.40,15.00,1,SUCCESS,NO
P553,11:00,Maharagama,Avissawella,19.00,45.60,15.00,1,SUCCESS,NO
P554,11:00,Nugegoda,Moratuwa,25.00,60.00,15.00,1,SUCCESS,NO
P555,11:00,Pettah,Homagama,17.00,40.80,15.00,1,SUCCESS,NO
P556,11:00,Wellawatte,Pettah,17.00,40.80,15.00,1,SUCCESS,NO
P557,11:00,Nugegoda,Moratuwa,25.00,60.00,15.00,1,SUCCESS,NO
P558,11:00,Kottawa,Avissawella,18.00,43.20,7.50,0,SUCCESS,NO
P559,11:00,Kottawa,Avissawella,18.00,43.20,7.50,0,SUCCESS,NO
P560,11:00,Nugegoda,Homagama,11.00,26.40,7.50,0,SUCCESS,NO
P561,11:00,Maradana,Pettah,2.00,4.80,7.50,0,SUCCESS,NO
P562,11:00,Maharagama,Avissawella,19.00,45.60,15.00,1,SUCCESS,NO
P563,11:00,Nugegoda,Avissawella,23.00,55.20,7.50,0,SUCCESS,NO
P564,11:00,Wellawatte,Maradana,19.00,45.60,22.50,2,SUCCESS,NO
P565,11:00,Dehiwala,Maharagama,20.00,48.00,15.00,1,SUCCESS,NO
P566,11:00,Dehiwala,Pettah,9.00,21.60,7.50,0,SUCCESS,NO
P567,11:00,Moratuwa,Maharagama,30.00,72.00,22.50,2,SUCCESS,NO
P568,11:00,Pettah,Nugegoda,6.00,14.40,7.50,0,SUCCESS,NO
P569,11:00,Homagama,Moratuwa,26.00,62.40,15.00,1,SUCCESS,NO
P570,11:00,Kottawa,Moratuwa,20.00,48.00,7.50,0,SUCCESS,NO
P571,11:00,Wellawatte,Moratuwa,3.00,7.20,7.50,0,SUCCESS,NO
P572,11:00,Avissawella,Maharagama,19.00,45.60,15.00,1,SUCCESS,NO
P573,11:00,Nugegoda,Dehiwala,15.00,36.00,15.00,1,SUCCESS,NO
P574,11:00,Dehiwala,Maradana,11.00,26.40,15.00,1,SUCCESS,NO
P575,11:00,Avissawella,Kottawa,18.00,43.20,7.50,0,SUCCESS,NO
P576,11:00,Homagama,Kottawa,6.00,14.40,7.50,0,SUCCESS,NO
P577,11:00,Kottawa,Avissawella,18.00,43.20,7.50,0,SUCCESS,NO
P578,11:00,Pettah,Dehiwala,9.00,21.60,7.50,0,SUCCESS,NO
P579,11:00,Homagama,Kottawa,6.00,14.40,7.50,0,SUCCESS,NO
P580,11:00,Pettah,Maharagama,11.00,26.40,7.50,0,SUCCESS,NO
P581,11:00,Nugegoda,Maharagama,5.00,12.00,7.50,0,SUCCESS,NO
P582,11:00,Homagama,Moratuwa,26.00,62.40,15.00,1,SUCCESS,NO
P583,11:00,Maradana,Avissawella,27.00,64.80,15.00,1,SUCCESS,NO
P584,11:00,Pettah,Avissawella,29.00,69.60,15.00,1,SUCCESS,NO
P585,11:00,Maradana,Dehiwala,11.00,26.40,15.00,1,SUCCESS,NO
P586,11:00,Avissawella,Wellawatte,41.00,98.40,15.00,1,SUCCESS,NO
P587,11:00,Kottawa,Maradana,9.00,21.60,15.00,1,SUCCESS,NO
P588,11:00,Avissawella,Dehiwala,38.00,91.20,22.50,2,SUCCESS,NO
P589,11:00,Wellawatte,Avissawella,41.00,98.40,15.00,1,SUCCESS,NO
P590,11:00,Moratuwa,Avissawella,38.00,91.20,15.00,1,SUCCESS,NO
P591,11:00,Wellawatte,Dehiwala,8.00,19.20,7.50,0,SUCCESS,NO
P592,11:00,Wellawatte,Dehiwala,8.00,19.20,7.50,0,SUCCESS,NO
P593,11:00,Nugegoda,Dehiwala,15.00,36.00,15.00,1,SUCCESS,NO
P594,11:00,Maradana,Homagama,15.00,36.00,15.00,1,SUCCESS,NO
P595,11:00,Dehiwala,Pettah,9.00,21.60,7.50,0,SUCCESS,NO
P596,11:00,Moratuwa,Nugegoda,25.00,60.00,15.00,1,SUCCESS,NO
P597,11:00,Homagama,Dehiwala,26.00,62.40,22.50,2,SUCCESS,NO
P598,11:00,Nugegoda,Maradana,4.00,9.60,7.50,0,SUCCESS,NO
P599,11:00,Maradana,Wellawatte,19.00,45.60,22.50,2,SUCCESS,NO
P600,11:00,Kottawa,Wellawatte,23.00,55.20,7.50,0,SUCCESS,NO
P601,12:00,Dehiwala,Kottawa,20.00,48.00,22.50,2,SUCCESS,NO
P602,12:00,Nugegoda,Maradana,4.00,9.60,7.50,0,SUCCESS,NO
P603,12:00,Avissawella,Pettah,29.00,69.60,15.00,1,SUCCESS,NO
P604,12:00,Avissawella,Dehiwala,38.00,91.20,22.50,2,SUCCESS,NO
P605,12:00,Avissawella,Nugegoda,23.00,55.20,7.50,0,SUCCESS,NO
P606,12:00,Kottawa,Moratuwa,20.00,48.00,7.50,0,SUCCESS,NO
P607,12:00,Nugegoda,Homagama,11.00,26.40,7.50,0,SUCCESS,NO
P608,12:00,Dehiwala,Homagama,26.00,62.40,22.50,2,SUCCESS,NO
P609,12:00,Homagama,Avissawella,12.00,28.80,7.50,0,SUCCESS,NO
P610,12:00,Pettah,Wellawatte,17.00,40.80,15.00,1,SUCCESS,NO
P611,12:00,Dehiwala,Avissawella,38.00,91.20,22.50,2,SUCCESS,NO
P612,12:00,Maharagama,Nugegoda,5.00,12.00,7.50,0,SUCCESS,NO
P613,12:00,Maradana,Dehiwala,11.00,26.40,15.00,1,SUCCESS,NO
P614,12:00,Kottawa,Nugegoda,5.00,12.00,7.50,0,SUCCESS,NO
P615,12:00,Wellawatte,Nugegoda,23.00,55.20,22.50,2,SUCCESS,NO
P616,12:00,Homagama,Moratuwa,26.00,62.40,15.00,1,SUCCESS,NO
P617,12:00,Dehiwala,Nugegoda,15.00,36.00,15.00,1,SUCCESS,NO
P618,12:00,Kottawa,Moratuwa,20.00,48.00,7.50,0,SUCCESS,NO
P619,12:00,Nugegoda,Avissawella,23.00,55.20,7.50,0,SUCCESS,NO
P620,12:00,Nugegoda,Kottawa,5.00,12.00,7.50,0,SUCCESS,NO
P621,12:00,Moratuwa,Pettah,20.00,48.00,15.00,1,SUCCESS,NO
P622,12:00,Dehiwala,Kottawa,20.00,48.00,22.50,2,SUCCESS,NO
P623,12:00,Nugegoda,Dehiwala,15.00,36.00,15.00,1,SUCCESS,NO
P624,12:00,Maradana,Avissawella,27.00,64.80,15.00,1,SUCCESS,NO
P625,12:00,Maradana,Dehiwala,11.00,26.40,15.00,1,SUCCESS,NO
P626,12:00,Kottawa,Moratuwa,20.00,48.00,7.50,0,SUCCESS,NO
P627,12:00,Maradana,Nugegoda,4.00,9.60,7.50,0,SUCCESS,NO
P628,12:00,Wellawatte,Pettah,17.00,40.80,15.00,1,SUCCESS,NO
P629,12:00,Pettah,Wellawatte,17.00,40.80,15.00,1,SUCCESS,NO
P630,12:00,Maradana,Homagama,15.00,36.00,15.00,1,SUCCESS,NO
P631,12:00,Wellawatte,Moratuwa,3.00,7.20,7.50,0,SUCCESS,NO
P632,12:00,Wellawatte,Avissawella,41.00,98.40,15.00,1,SUCCESS,NO
P633,12:00,Dehiwala,Moratuwa,11.00,26.40,7.50,0,SUCCESS,NO
P634,12:00,Moratuwa,Wellawatte,3.00,7.20,7.50,0,SUCCESS,NO
P635,12:00,Homagama,Dehiwala,26.00,62.40,22.50,2,SUCCESS,NO
P636,12:00,Maradana,Wellawatte,19.00,45.60,22.50,2,SUCCESS,NO
P637,12:00,Kottawa,Homagama,6.00,14.40,7.50,0,SUCCESS,NO
P638,12:00,Moratuwa,Maradana,22.00,52.80,22.50,2,SUCCESS,NO
P639,12:00,Pettah,Maradana,2.00,4.80,7.50,0,SUCCESS,NO
P640,12:00,Nugegoda,Pettah,6.00,14.40,7.50,0,SUCCESS,NO
P641,12:00,Wellawatte,Pettah,17.00,40.80,15.00,1,SUCCESS,NO
P642,12:00,Maradana,Wellawatte,19.00,45.60,22.50,2,SUCCESS,NO
P643,12:00,Kottawa,Avissawella,18.00,43.20,7.50,0,SUCCESS,NO
P644,12:00,Moratuwa,Maharagama,30.00,72.00,22.50,2,SUCCESS,NO
P645,12:00,Moratuwa,Dehiwala,11.00,26.40,7.50,0,SUCCESS,NO
P646,12:00,Nugegoda,Pettah,6.00,14.40,7.50,0,SUCCESS,NO
P647,12:00,Nugegoda,Maradana,4.00,9.60,7.50,0,SUCCESS,NO
P648,12:00,Avissawella,Homagama,12.00,28.80,7.50,0,SUCCESS,NO
P649,12:00,Avissawella,Maradana,27.00,64.80,15.00,1,SUCCESS,NO
P650,12:00,Wellawatte,Maharagama,28.00,67.20,22.50,2,SUCCESS,NO
P651,12:00,Pettah,Wellawatte,17.00,40.80,15.00,1,SUCCESS,NO
P652,12:00,Avissawella,Homagama,12.00,28.80,7.50,0,SUCCESS,NO
P653,12:00,Nugegoda,Pettah,6.00,14.40,7.50,0,SUCCESS,NO
P654,12:00,Maradana,Nugegoda,4.00,9.60,7.50,0,SUCCESS,NO
P655,12:00,Pettah,Kottawa,11.00,26.40,15.00,1,SUCCESS,NO
P656,12:00,Moratuwa,Avissawella,38.00,91.20,15.00,1,SUCCESS,NO
P657,12:00,Wellawatte,Nugegoda,23.00,55.20,22.50,2,SUCCESS,NO
P658,12:00,Moratuwa,Wellawatte,3.00,7.20,7.50,0,SUCCESS,NO
P659,12:00,Maradana,Avissawella,27.00,64.80,15.00,1,SUCCESS,NO
P660,12:00,Pettah,Avissawella,29.00,69.60,15.00,1,SUCCESS,NO
P661,12:00,Dehiwala,Maharagama,20.00,48.00,15.00,1,SUCCESS,NO
P662,12:00,Dehiwala,Maharagama,20.00,48.00,15.00,1,SUCCESS,NO
P663,12:00,Moratuwa,Pettah,20.00,48.00,15.00,1,SUCCESS,NO
P664,12:00,Avissawella,Moratuwa,38.00,91.20,15.00,1,SUCCESS,NO
P665,12:00,Moratuwa,Wellawatte,3.00,7.20,7.50,0,SUCCESS,NO
P666,12:00,Moratuwa,Nugegoda,25.00,60.00,15.00,1,SUCCESS,NO
P667,12:00,Wellawatte,Kottawa,23.00,55.20,7.50,0,SUCCESS,NO
P668,12:00,Avissawella,Homagama,12.00,28.80,7.50,0,SUCCESS,NO
P669,12:00,Maharagama,Kottawa,10.00,24.00,15.00,1,SUCCESS,NO
P670,12:00,Maradana,Nugegoda,4.00,9.60,7.50,0,SUCCESS,NO
P671,12:00,Moratuwa,Wellawatte,3.00,7.20,7.50,0,SUCCESS,NO
P672,12:00,Dehiwala,Maharagama,20.00,48.00,15.00,1,SUCCESS,NO
P673,12:00,Wellawatte,Nugegoda,23.00,55.20,22.50,2,SUCCESS,NO
P674,12:00,Maharagama,Moratuwa,30.00,72.00,22.50,2,SUCCESS,NO
P675,12:00,Avissawella,Maradana,0.00,0.00,0.00,0,FAILED,YES
P676,12:00,Moratuwa,Wellawatte,3.00,7.20,7.50,0,SUCCESS,NO
P677,12:00,Maradana,Wellawatte,0.00,0.00,0.00,0,FAILED,YES
P678,12:00,Kottawa,Dehiwala,0.00,0.00,0.00,0,FAILED,YES
P679,12:00,Maradana,Nugegoda,0.00,0.00,0.00,0,FAILED,YES
P680,12:00,Kottawa,Maharagama,0.00,0.00,0.00,0,FAILED,YES
P681,13:00,Homagama,Maradana,15.00,36.00,15.00,1,SUCCESS,NO
P682,13:00,Kottawa,Maharagama,10.00,24.00,15.00,1,SUCCESS,NO
P683,13:00,Pettah,Kottawa,11.00,26.40,15.00,1,SUCCESS,NO
P684,13:00,Avissawella,Kottawa,18.00,43.20,7.50,0,SUCCESS,NO
P685,13:00,Dehiwala,Wellawatte,8.00,19.20,7.50,0,SUCCESS,NO
P686,13:00,Avissawella,Nugegoda,23.00,55.20,7.50,0,SUCCESS,NO
P687,13:00,Maradana,Moratuwa,22.00,52.80,22.50,2,SUCCESS,NO
P688,13:00,Homagama,Moratuwa,26.00,62.40,15.00,1,SUCCESS,NO
P689,13:00,Maradana,Kottawa,9.00,21.60,15.00,1,SUCCESS,NO
P690,13:00,Maradana,Pettah,2.00,4.80,7.50,0,SUCCESS,NO
P691,13:00,Moratuwa,Avissawella,38.00,91.20,15.00,1,SUCCESS,NO
P692,13:00,Avissawella,Dehiwala,38.00,91.20,22.50,2,SUCCESS,NO
P693,13:00,Wellawatte,Moratuwa,3.00,7.20,7.50,0,SUCCESS,NO
P694,13:00,Avissawella,Moratuwa,38.00,91.20,15.00,1,SUCCESS,NO
P695,13:00,Homagama,Dehiwala,26.00,62.40,22.50,2,SUCCESS,NO
P696,13:00,Dehiwala,Kottawa,20.00,48.00,22.50,2,SUCCESS,NO
P697,13:00,Wellawatte,Dehiwala,8.00,19.20,7.50,0,SUCCESS,NO
P698,13:00,Maharagama,Wellawatte,28.00,67.20,22.50,2,SUCCESS,NO
P699,13:00,Maradana,Dehiwala,11.00,26.40,15.00,1,SUCCESS,NO
P700,13:00,Nugegoda,Wellawatte,23.00,55.20,22.50,2,SUCCESS,NO
P701,13:00,Avissawella,Kottawa,18.00,43.20,7.50,0,SUCCESS,NO
P702,13:00,Nugegoda,Pettah,6.00,14.40,7.50,0,SUCCESS,NO
P703,13:00,Nugegoda,Wellawatte,23.00,55.20,22.50,2,SUCCESS,NO
P704,13:00,Kottawa,Wellawatte,23.00,55.20,7.50,0,SUCCESS,NO
P705,13:00,Wellawatte,Nugegoda,23.00,55.20,22.50,2,SUCCESS,NO
P706,13:00,Pettah,Nugegoda,6.00,14.40,7.50,0,SUCCESS,NO
P707,13:00,Pettah,Nugegoda,6.00,14.40,7.50,0,SUCCESS,NO
P708,13:00,Pettah,Kottawa,11.00,26.40,15.00,1,SUCCESS,NO
P709,13:00,Homagama,Dehiwala,26.00,62.40,22.50,2,SUCCESS,NO
P710,13:00,Kottawa,Moratuwa,20.00,48.00,7.50,0,SUCCESS,NO
P711,13:00,Dehiwala,Maradana,11.00,26.40,15.00,1,SUCCESS,NO
P712,13:00,Avissawella,Moratuwa,38.00,91.20,15.00,1,SUCCESS,NO
P713,13:00,Maradana,Maharagama,9.00,21.60,7.50,0,SUCCESS,NO
P714,13:00,Kottawa,Homagama,6.00,14.40,7.50,0,SUCCESS,NO
P715,13:00,Avissawella,Pettah,29.00,69.60,15.00,1,SUCCESS,NO
P716,13:00,Maharagama,Nugegoda,5.00,12.00,7.50,0,SUCCESS,NO
P717,13:00,Kottawa,Maharagama,10.00,24.00,15.00,1,SUCCESS,NO
P718,13:00,Avissawella,Moratuwa,38.00,91.20,15.00,1,SUCCESS,NO
P719,13:00,Homagama,Maradana,15.00,36.00,15.00,1,SUCCESS,NO
P720,13:00,Wellawatte,Avissawella,41.00,98.40,15.00,1,SUCCESS,NO
P721,13:00,Avissawella,Homagama,12.00,28.80,7.50,0,SUCCESS,NO
P722,13:00,Dehiwala,Avissawella,38.00,91.20,22.50,2,SUCCESS,NO
P723,13:00,Nugegoda,Homagama,11.00,26.40,7.50,0,SUCCESS,NO
P724,13:00,Kottawa,Homagama,6.00,14.40,7.50,0,SUCCESS,NO
P725,13:00,Pettah,Moratuwa,20.00,48.00,15.00,1,SUCCESS,NO
P726,13:00,Nugegoda,Kottawa,5.00,12.00,7.50,0,SUCCESS,NO
P727,13:00,Dehiwala,Maradana,11.00,26.40,15.00,1,SUCCESS,NO
P728,13:00,Wellawatte,Maradana,19.00,45.60,22.50,2,SUCCESS,NO
P729,13:00,Moratuwa,Pettah,20.00,48.00,15.00,1,SUCCESS,NO
P730,13:00,Wellawatte,Maradana,19.00,45.60,22.50,2,SUCCESS,NO
P731,13:00,Pettah,Maradana,2.00,4.80,7.50,0,SUCCESS,NO
P732,13:00,Maradana,Avissawella,27.00,64.80,15.00,1,SUCCESS,NO
P733,13:00,Homagama,Maradana,15.00,36.00,15.00,1,SUCCESS,NO
P734,13:00,Avissawella,Maradana,27.00,64.80,15.00,1,SUCCESS,NO
P735,13:00,Dehiwala,Pettah,9.00,21.60,7.50,0,SUCCESS,NO
P736,13:00,Avissawella,Homagama,12.00,28.80,7.50,0,SUCCESS,NO
P737,13:00,Maradana,Homagama,15.00,36.00,15.00,1,SUCCESS,NO
P738,13:00,Nugegoda,Homagama,11.00,26.40,7.50,0,SUCCESS,NO
P739,13:00,Nugegoda,Homagama,11.00,26.40,7.50,0,SUCCESS,NO
P740,13:00,Avissawella,Moratuwa,38.00,91.20,15.00,1,SUCCESS,NO
P741,13:00,Dehiwala,Moratuwa,11.00,26.40,7.50,0,SUCCESS,NO
P742,13:00,Kottawa,Maradana,9.00,21.60,15.00,1,SUCCESS,NO
P743,13:00,Moratuwa,Avissawella,38.00,91.20,15.00,1,SUCCESS,NO
P744,13:00,Maharagama,Avissawella,19.00,45.60,15.00,1,SUCCESS,NO
P745,13:00,Maradana,Pettah,2.00,4.80,7.50,0,SUCCESS,NO
P746,13:00,Homagama,Maharagama,7.00,16.80,7.50,0,SUCCESS,NO
P747,13:00,Wellawatte,Moratuwa,3.00,7.20,7.50,0,SUCCESS,NO
P748,13:00,Dehiwala,Maradana,11.00,26.40,15.00,1,SUCCESS,NO
P749,13:00,Kottawa,Avissawella,18.00,43.20,7.50,0,SUCCESS,NO
P750,13:00,Maradana,Avissawella,27.00,64.80,15.00,1,SUCCESS,NO
P751,13:00,Pettah,Avissawella,0.00,0.00,0.00,0,FAILED,YES
P752,13:00,Nugegoda,Maradana,4.00,9.60,7.50,0,SUCCESS,NO
P753,13:00,Kottawa,Nugegoda,0.00,0.00,0.00,0,FAILED,YES
P754,13:00,Wellawatte,Maradana,0.00,0.00,0.00,0,FAILED,YES
P755,13:00,Wellawatte,Kottawa,23.00,55.20,7.50,0,SUCCESS,NO
P756,13:00,Wellawatte,Pettah,17.00,40.80,15.00,1,SUCCESS,NO
P757,13:00,Kottawa,Dehiwala,0.00,0.00,0.00,0,FAILED,YES
P758,13:00,Kottawa,Maradana,0.00,0.00,0.00,0,FAILED,YES
P759,13:00,Dehiwala,Avissawella,0.00,0.00,0.00,0,FAILED,YES
P760,13:00,Dehiwala,Maradana,0.00,0.00,0.00,0,FAILED,YES
P761,13:00,Avissawella,Maradana,0.00,0.00,0.00,0,FAILED,YES
P762,13:00,Kottawa,Moratuwa,20.00,48.00,7.50,0,SUCCESS,NO
P763,13:00,Homagama,Maradana,0.00,0.00,0.00,0,FAILED,YES
P764,13:00,Homagama,Nugegoda,0.00,0.00,0.00,0,FAILED,YES
P765,13:00,Maradana,Wellawatte,0.00,0.00,0.00,0,FAILED,YES
P766,13:00,Avissawella,Homagama,0.00,0.00,0.00,0,FAILED,YES
P767,13:00,Dehiwala,Kottawa,0.00,0.00,0.00,0,FAILED,YES
P768,13:00,Wellawatte,Moratuwa,3.00,7.20,7.50,0,SUCCESS,NO
P769,13:00,Maradana,Maharagama,0.00,0.00,0.00,0,FAILED,YES
P770,13:00,Dehiwala,Avissawella,0.00,0.00,0.00,0,FAILED,YES
P771,14:00,Maradana,Kottawa,9.00,21.60,15.00,1,SUCCESS,NO
P772,14:00,Nugegoda,Homagama,11.00,26.40,7.50,0,SUCCESS,NO
P773,14:00,Moratuwa,Wellawatte,3.00,7.20,7.50,0,SUCCESS,NO
P774,14:00,Homagama,Dehiwala,26.00,62.40,22.50,2,SUCCESS,NO
P775,14:00,Dehiwala,Maharagama,20.00,48.00,15.00,1,SUCCESS,NO
P776,14:00,Nugegoda,Maradana,4.00,9.60,7.50,0,SUCCESS,NO
P777,14:00,Nugegoda,Moratuwa,25.00,60.00,15.00,1,SUCCESS,NO
P778,14:00,Moratuwa,Maharagama,30.00,72.00,22.50,2,SUCCESS,NO
P779,14:00,Moratuwa,Nugegoda,25.00,60.00,15.00,1,SUCCESS,NO
P780,14:00,Homagama,Nugegoda,11.00,26.40,7.50,0,SUCCESS,NO
P781,14:00,Wellawatte,Moratuwa,3.00,7.20,7.50,0,SUCCESS,NO
P782,14:00,Pettah,Wellawatte,17.00,40.80,15.00,1,SUCCESS,NO
P783,14:00,Nugegoda,Avissawella,23.00,55.20,7.50,0,SUCCESS,NO
P784,14:00,Moratuwa,Homagama,26.00,62.40,15.00,1,SUCCESS,NO
P785,14:00,Maradana,Moratuwa,22.00,52.80,22.50,2,SUCCESS,NO
P786,14:00,Avissawella,Maharagama,19.00,45.60,15.00,1,SUCCESS,NO
P787,14:00,Wellawatte,Dehiwala,8.00,19.20,7.50,0,SUCCESS,NO
P788,14:00,Maharagama,Wellawatte,28.00,67.20,22.50,2,SUCCESS,NO
P789,14:00,Maharagama,Nugegoda,5.00,12.00,7.50,0,SUCCESS,NO
P790,14:00,Pettah,Nugegoda,6.00,14.40,7.50,0,SUCCESS,NO
P791,14:00,Moratuwa,Homagama,26.00,62.40,15.00,1,SUCCESS,NO
P792,14:00,Wellawatte,Maharagama,28.00,67.20,22.50,2,SUCCESS,NO
P793,14:00,Homagama,Moratuwa,26.00,62.40,15.00,1,SUCCESS,NO
P794,14:00,Maradana,Avissawella,27.00,64.80,15.00,1,SUCCESS,NO
P795,14:00,Homagama,Wellawatte,29.00,69.60,15.00,1,SUCCESS,NO
P796,14:00,Nugegoda,Maharagama,5.00,12.00,7.50,0,SUCCESS,NO
P797,14:00,Moratuwa,Nugegoda,25.00,60.00,15.00,1,SUCCESS,NO
P798,14:00,Pettah,Nugegoda,6.00,14.40,7.50,0,SUCCESS,NO
P799,14:00,Maharagama,Dehiwala,20.00,48.00,15.00,1,SUCCESS,NO
P800,14:00,Homagama,Dehiwala,26.00,62.40,22.50,2,SUCCESS,NO
P801,14:00,Moratuwa,Homagama,26.00,62.40,15.00,1,SUCCESS,NO
P802,14:00,Kottawa,Avissawella,18.00,43.20,7.50,0,SUCCESS,NO
P803,14:00,Moratuwa,Avissawella,38.00,91.20,15.00,1,SUCCESS,NO
P804,14:00,Kottawa,Moratuwa,20.00,48.00,7.50,0,SUCCESS,NO
P805,14:00,Kottawa,Moratuwa,20.00,48.00,7.50,0,SUCCESS,NO
P806,14:00,Kottawa,Pettah,11.00,26.40,15.00,1,SUCCESS,NO
P807,14:00,Avissawella,Dehiwala,38.00,91.20,22.50,2,SUCCESS,NO
P808,14:00,Dehiwala,Moratuwa,11.00,26.40,7.50,0,SUCCESS,NO
P809,14:00,Maradana,Moratuwa,22.00,52.80,22.50,2,SUCCESS,NO
P810,14:00,Pettah,Nugegoda,6.00,14.40,7.50,0,SUCCESS,NO
P811,14:00,Kottawa,Pettah,11.00,26.40,15.00,1,SUCCESS,NO
P812,14:00,Nugegoda,Maharagama,5.00,12.00,7.50,0,SUCCESS,NO
P813,14:00,Dehiwala,Pettah,9.00,21.60,7.50,0,SUCCESS,NO
P814,14:00,Kottawa,Nugegoda,5.00,12.00,7.50,0,SUCCESS,NO
P815,14:00,Nugegoda,Avissawella,23.00,55.20,7.50,0,SUCCESS,NO
P816,14:00,Homagama,Dehiwala,26.00,62.40,22.50,2,SUCCESS,NO
P817,14:00,Pettah,Nugegoda,6.00,14.40,7.50,0,SUCCESS,NO
P818,14:00,Pettah,Moratuwa,20.00,48.00,15.00,1,SUCCESS,NO
P819,14:00,Moratuwa,Homagama,26.00,62.40,15.00,1,SUCCESS,NO
P820,14:00,Avissawella,Pettah,29.00,69.60,15.00,1,SUCCESS,NO
P821,14:00,Nugegoda,Avissawella,23.00,55.20,7.50,0,SUCCESS,NO
P822,14:00,Moratuwa,Wellawatte,3.00,7.20,7.50,0,SUCCESS,NO
P823,14:00,Homagama,Avissawella,12.00,28.80,7.50,0,SUCCESS,NO
P824,14:00,Homagama,Maharagama,7.00,16.80,7.50,0,SUCCESS,NO
P825,14:00,Maharagama,Wellawatte,28.00,67.20,22.50,2,SUCCESS,NO
P826,14:00,Wellawatte,Dehiwala,8.00,19.20,7.50,0,SUCCESS,NO
P827,14:00,Kottawa,Dehiwala,20.00,48.00,22.50,2,SUCCESS,NO
P828,14:00,Homagama,Maradana,15.00,36.00,15.00,1,SUCCESS,NO
P829,14:00,Moratuwa,Maradana,22.00,52.80,22.50,2,SUCCESS,NO
P830,14:00,Pettah,Moratuwa,20.00,48.00,15.00,1,SUCCESS,NO
P831,14:00,Maharagama,Dehiwala,20.00,48.00,15.00,1,SUCCESS,NO
P832,14:00,Kottawa,Dehiwala,20.00,48.00,22.50,2,SUCCESS,NO
P833,14:00,Maradana,Nugegoda,4.00,9.60,7.50,0,SUCCESS,NO
P834,14:00,Maharagama,Pettah,11.00,26.40,7.50,0,SUCCESS,NO
P835,14:00,Wellawatte,Maharagama,28.00,67.20,22.50,2,SUCCESS,NO
P836,14:00,Maharagama,Wellawatte,28.00,67.20,22.50,2,SUCCESS,NO
P837,14:00,Nugegoda,Kottawa,5.00,12.00,7.50,0,SUCCESS,NO
P838,14:00,Maharagama,Avissawella,19.00,45.60,15.00,1,SUCCESS,NO
P839,14:00,Moratuwa,Nugegoda,25.00,60.00,15.00,1,SUCCESS,NO
P840,14:00,Maradana,Moratuwa,22.00,52.80,22.50,2,SUCCESS,NO
P841,14:00,Avissawella,Kottawa,18.00,43.20,7.50,0,SUCCESS,NO
P842,14:00,Dehiwala,Maharagama,20.00,48.00,15.00,1,SUCCESS,NO
P843,14:00,Avissawella,Dehiwala,38.00,91.20,22.50,2,SUCCESS,NO
P844,14:00,Dehiwala,Pettah,9.00,21.60,7.50,0,SUCCESS,NO
P845,14:00,Homagama,Nugegoda,11.00,26.40,7.50,0,SUCCESS,NO
P846,14:00,Homagama,Dehiwala,26.00,62.40,22.50,2,SUCCESS,NO
P847,14:00,Pettah,Moratuwa,20.00,48.00,15.00,1,SUCCESS,NO
P848,14:00,Avissawella,Wellawatte,41.00,98.40,15.00,1,SUCCESS,NO
P849,14:00,Dehiwala,Maharagama,20.00,48.00,15.00,1,SUCCESS,NO
P850,14:00,Homagama,Pettah,0.00,0.00,0.00,0,FAILED,YES
P851,15:00,Pettah,Homagama,17.00,40.80,15.00,1,SUCCESS,NO
P852,15:00,Moratuwa,Dehiwala,11.00,26.40,7.50,0,SUCCESS,NO
P853,15:00,Maharagama,Avissawella,19.00,45.60,15.00,1,SUCCESS,NO
P854,15:00,Kottawa,Maradana,9.00,21.60,15.00,1,SUCCESS,NO
P855,15:00,Maradana,Kottawa,9.00,21.60,15.00,1,SUCCESS,NO
P856,15:00,Maradana,Wellawatte,19.00,45.60,22.50,2,SUCCESS,NO
P857,15:00,Homagama,Nugegoda,11.00,26.40,7.50,0,SUCCESS,NO
P858,15:00,Kottawa,Wellawatte,23.00,55.20,7.50,0,SUCCESS,NO
P859,15:00,Homagama,Maharagama,7.00,16.80,7.50,0,SUCCESS,NO
P860,15:00,Wellawatte,Maharagama,28.00,67.20,22.50,2,SUCCESS,NO
P861,15:00,Homagama,Pettah,17.00,40.80,15.00,1,SUCCESS,NO
P862,15:00,Avissawella,Maradana,27.00,64.80,15.00,1,SUCCESS,NO
P863,15:00,Kottawa,Dehiwala,20.00,48.00,22.50,2,SUCCESS,NO
P864,15:00,Nugegoda,Dehiwala,15.00,36.00,15.00,1,SUCCESS,NO
P865,15:00,Avissawella,Wellawatte,41.00,98.40,15.00,1,SUCCESS,NO
P866,15:00,Kottawa,Pettah,11.00,26.40,15.00,1,SUCCESS,NO
P867,15:00,Kottawa,Avissawella,18.00,43.20,7.50,0,SUCCESS,NO
P868,15:00,Maharagama,Dehiwala,20.00,48.00,15.00,1,SUCCESS,NO
P869,15:00,Pettah,Homagama,17.00,40.80,15.00,1,SUCCESS,NO
P870,15:00,Homagama,Maradana,15.00,36.00,15.00,1,SUCCESS,NO
P871,15:00,Kottawa,Maharagama,10.00,24.00,15.00,1,SUCCESS,NO
P872,15:00,Homagama,Kottawa,6.00,14.40,7.50,0,SUCCESS,NO
P873,15:00,Pettah,Maradana,2.00,4.80,7.50,0,SUCCESS,NO
P874,15:00,Dehiwala,Pettah,9.00,21.60,7.50,0,SUCCESS,NO
P875,15:00,Nugegoda,Wellawatte,23.00,55.20,22.50,2,SUCCESS,NO
P876,15:00,Dehiwala,Pettah,9.00,21.60,7.50,0,SUCCESS,NO
P877,15:00,Moratuwa,Maradana,22.00,52.80,22.50,2,SUCCESS,NO
P878,15:00,Maharagama,Dehiwala,20.00,48.00,15.00,1,SUCCESS,NO
P879,15:00,Moratuwa,Wellawatte,3.00,7.20,7.50,0,SUCCESS,NO
P880,15:00,Wellawatte,Dehiwala,8.00,19.20,7.50,0,SUCCESS,NO
P881,15:00,Kottawa,Avissawella,18.00,43.20,7.50,0,SUCCESS,NO
P882,15:00,Avissawella,Nugegoda,23.00,55.20,7.50,0,SUCCESS,NO
P883,15:00,Maradana,Pettah,2.00,4.80,7.50,0,SUCCESS,NO
P884,15:00,Pettah,Moratuwa,20.00,48.00,15.00,1,SUCCESS,NO
P885,15:00,Homagama,Pettah,17.00,40.80,15.00,1,SUCCESS,NO
P886,15:00,Moratuwa,Maradana,22.00,52.80,22.50,2,SUCCESS,NO
P887,15:00,Homagama,Kottawa,6.00,14.40,7.50,0,SUCCESS,NO
P888,15:00,Homagama,Wellawatte,29.00,69.60,15.00,1,SUCCESS,NO
P889,15:00,Pettah,Homagama,17.00,40.80,15.00,1,SUCCESS,NO
P890,15:00,Pettah,Nugegoda,6.00,14.40,7.50,0,SUCCESS,NO
P891,15:00,Avissawella,Maradana,27.00,64.80,15.00,1,SUCCESS,NO
P892,15:00,Wellawatte,Maharagama,28.00,67.20,22.50,2,SUCCESS,NO
P893,15:00,Dehiwala,Kottawa,20.00,48.00,22.50,2,SUCCESS,NO
P894,15:00,Kottawa,Pettah,11.00,26.40,15.00,1,SUCCESS,NO
P895,15:00,Wellawatte,Maharagama,28.00,67.20,22.50,2,SUCCESS,NO
P896,15:00,Kottawa,Dehiwala,20.00,48.00,22.50,2,SUCCESS,NO
P897,15:00,Pettah,Maharagama,11.00,26.40,7.50,0,SUCCESS,NO
P898,15:00,Wellawatte,Avissawella,41.00,98.40,15.00,1,SUCCESS,NO
P899,15:00,Nugegoda,Maradana,4.00,9.60,7.50,0,SUCCESS,NO
P900,15:00,Maradana,Avissawella,27.00,64.80,15.00,1,SUCCESS,NO
P901,15:00,Pettah,Nugegoda,6.00,14.40,7.50,0,SUCCESS,NO
P902,15:00,Wellawatte,Maradana,19.00,45.60,22.50,2,SUCCESS,NO
P903,15:00,Homagama,Avissawella,12.00,28.80,7.50,0,SUCCESS,NO
P904,15:00,Maharagama,Moratuwa,30.00,72.00,22.50,2,SUCCESS,NO
P905,15:00,Maharagama,Maradana,9.00,21.60,7.50,0,SUCCESS,NO
P906,15:00,Pettah,Kottawa,11.00,26.40,15.00,1,SUCCESS,NO
P907,15:00,Pettah,Wellawatte,17.00,40.80,15.00,1,SUCCESS,NO
P908,15:00,Moratuwa,Maharagama,30.00,72.00,22.50,2,SUCCESS,NO
P909,15:00,Pettah,Nugegoda,6.00,14.40,7.50,0,SUCCESS,NO
P910,15:00,Kottawa,Moratuwa,20.00,48.00,7.50,0,SUCCESS,NO
P911,15:00,Moratuwa,Maharagama,30.00,72.00,22.50,2,SUCCESS,NO
P912,15:00,Homagama,Kottawa,6.00,14.40,7.50,0,SUCCESS,NO
P913,15:00,Nugegoda,Maradana,0.00,0.00,0.00,0,FAILED,YES
P914,15:00,Moratuwa,Maharagama,0.00,0.00,0.00,0,FAILED,YES
P915,15:00,Nugegoda,Homagama,11.00,26.40,7.50,0,SUCCESS,NO
P916,15:00,Kottawa,Dehiwala,0.00,0.00,0.00,0,FAILED,YES
P917,15:00,Kottawa,Maharagama,0.00,0.00,0.00,0,FAILED,YES
P918,15:00,Maradana,Moratuwa,0.00,0.00,0.00,0,FAILED,YES
P919,15:00,Maradana,Pettah,0.00,0.00,0.00,0,FAILED,YES
P920,15:00,Avissawella,Moratuwa,38.00,91.20,15.00,1,SUCCESS,NO
P921,15:00,Moratuwa,Maharagama,0.00,0.00,0.00,0,FAILED,YES
P922,15:00,Avissawella,Kottawa,18.00,43.20,7.50,0,SUCCESS,NO
P923,15:00,Kottawa,Homagama,0.00,0.00,0.00,0,FAILED,YES
P924,15:00,Maradana,Wellawatte,0.00,0.00,0.00,0,FAILED,YES
P925,15:00,Homagama,Pettah,0.00,0.00,0.00,0,FAILED,YES
P926,15:00,Maradana,Wellawatte,0.00,0.00,0.00,0,FAILED,YES
P927,15:00,Pettah,Nugegoda,0.00,0.00,0.00,0,FAILED,YES
P928,15:00,Moratuwa,Nugegoda,0.00,0.00,0.00,0,FAILED,YES
P929,15:00,Dehiwala,Wellawatte,8.00,19.20,7.50,0,SUCCESS,NO
P930,15:00,Pettah,Homagama,0.00,0.00,0.00,0,FAILED,YES
P931,15:00,Maharagama,Nugegoda,0.00,0.00,0.00,0,FAILED,YES
P932,15:00,Nugegoda,Pettah,0.00,0.00,0.00,0,FAILED,YES
P933,15:00,Pettah,Maharagama,0.00,0.00,0.00,0,FAILED,YES
P934,15:00,Nugegoda,Homagama,0.00,0.00,0.00,0,FAILED,YES
P935,15:00,Homagama,Dehiwala,0.00,0.00,0.00,0,FAILED,YES
P936,15:00,Pettah,Kottawa,0.00,0.00,0.00,0,FAILED,YES
P937,15:00,Wellawatte,Maharagama,0.00,0.00,0.00,0,FAILED,YES
P938,15:00,Maharagama,Homagama,7.00,16.80,7.50,0,SUCCESS,NO
P939,15:00,Nugegoda,Maradana,0.00,0.00,0.00,0,FAILED,YES
P940,15:00,Avissawella,Moratuwa,0.00,0.00,0.00,0,FAILED,YES
P941,16:00,Dehiwala,Avissawella,38.00,91.20,22.50,2,SUCCESS,NO
P942,16:00,Nugegoda,Avissawella,23.00,55.20,7.50,0,SUCCESS,NO
P943,16:00,Moratuwa,Kottawa,20.00,48.00,7.50,0,SUCCESS,NO
P944,16:00,Homagama,Maradana,15.00,36.00,15.00,1,SUCCESS,NO
P945,16:00,Maradana,Pettah,2.00,4.80,7.50,0,SUCCESS,NO
P946,16:00,Pettah,Dehiwala,9.00,21.60,7.50,0,SUCCESS,NO
P947,16:00,Dehiwala,Nugegoda,15.00,36.00,15.00,1,SUCCESS,NO
P948,16:00,Maharagama,Avissawella,19.00,45.60,15.00,1,SUCCESS,NO
P949,16:00,Avissawella,Maradana,27.00,64.80,15.00,1,SUCCESS,NO
P950,16:00,Maradana,Dehiwala,11.00,26.40,15.00,1,SUCCESS,NO
P951,16:00,Kottawa,Moratuwa,20.00,48.00,7.50,0,SUCCESS,NO
P952,16:00,Maradana,Avissawella,27.00,64.80,15.00,1,SUCCESS,NO
P953,16:00,Nugegoda,Maharagama,5.00,12.00,7.50,0,SUCCESS,NO
P954,16:00,Nugegoda,Wellawatte,23.00,55.20,22.50,2,SUCCESS,NO
P955,16:00,Nugegoda,Kottawa,5.00,12.00,7.50,0,SUCCESS,NO
P956,16:00,Wellawatte,Nugegoda,23.00,55.20,22.50,2,SUCCESS,NO
P957,16:00,Maradana,Wellawatte,19.00,45.60,22.50,2,SUCCESS,NO
P958,16:00,Kottawa,Maharagama,10.00,24.00,15.00,1,SUCCESS,NO
P959,16:00,Wellawatte,Dehiwala,8.00,19.20,7.50,0,SUCCESS,NO
P960,16:00,Moratuwa,Wellawatte,3.00,7.20,7.50,0,SUCCESS,NO
P961,16:00,Avissawella,Kottawa,18.00,43.20,7.50,0,SUCCESS,NO
P962,16:00,Nugegoda,Pettah,6.00,14.40,7.50,0,SUCCESS,NO
P963,16:00,Nugegoda,Kottawa,5.00,12.00,7.50,0,SUCCESS,NO
P964,16:00,Homagama,Avissawella,12.00,28.80,7.50,0,SUCCESS,NO
P965,16:00,Pettah,Wellawatte,17.00,40.80,15.00,1,SUCCESS,NO
P966,16:00,Pettah,Nugegoda,6.00,14.40,7.50,0,SUCCESS,NO
P967,16:00,Maradana,Moratuwa,22.00,52.80,22.50,2,SUCCESS,NO
P968,16:00,Homagama,Avissawella,12.00,28.80,7.50,0,SUCCESS,NO
P969,16:00,Pettah,Dehiwala,9.00,21.60,7.50,0,SUCCESS,NO
P970,16:00,Maharagama,Dehiwala,20.00,48.00,15.00,1,SUCCESS,NO
P971,16:00,Pettah,Homagama,17.00,40.80,15.00,1,SUCCESS,NO
P972,16:00,Wellawatte,Pettah,17.00,40.80,15.00,1,SUCCESS,NO
P973,16:00,Dehiwala,Homagama,26.00,62.40,22.50,2,SUCCESS,NO
P974,16:00,Homagama,Kottawa,6.00,14.40,7.50,0,SUCCESS,NO
P975,16:00,Maradana,Dehiwala,11.00,26.40,15.00,1,SUCCESS,NO
P976,16:00,Wellawatte,Kottawa,23.00,55.20,7.50,0,SUCCESS,NO
P977,16:00,Maharagama,Nugegoda,5.00,12.00,7.50,0,SUCCESS,NO
P978,16:00,Maharagama,Wellawatte,28.00,67.20,22.50,2,SUCCESS,NO
P979,16:00,Homagama,Wellawatte,29.00,69.60,15.00,1,SUCCESS,NO
P980,16:00,Avissawella,Wellawatte,41.00,98.40,15.00,1,SUCCESS,NO
P981,16:00,Wellawatte,Nugegoda,23.00,55.20,22.50,2,SUCCESS,NO
P982,16:00,Dehiwala,Pettah,9.00,21.60,7.50,0,SUCCESS,NO
P983,16:00,Moratuwa,Nugegoda,25.00,60.00,15.00,1,SUCCESS,NO
P984,16:00,Homagama,Moratuwa,26.00,62.40,15.00,1,SUCCESS,NO
P985,16:00,Avissawella,Moratuwa,38.00,91.20,15.00,1,SUCCESS,NO
P986,16:00,Nugegoda,Wellawatte,23.00,55.20,22.50,2,SUCCESS,NO
P987,16:00,Avissawella,Maradana,27.00,64.80,15.00,1,SUCCESS,NO
P988,16:00,Nugegoda,Dehiwala,15.00,36.00,15.00,1,SUCCESS,NO
P989,16:00,Avissawella,Nugegoda,23.00,55.20,7.50,0,SUCCESS,NO
P990,16:00,Kottawa,Avissawella,18.00,43.20,7.50,0,SUCCESS,NO
P991,16:00,Moratuwa,Kottawa,20.00,48.00,7.50,0,SUCCESS,NO
P992,16:00,Homagama,Maharagama,7.00,16.80,7.50,0,SUCCESS,NO
P993,16:00,Maradana,Moratuwa,22.00,52.80,22.50,2,SUCCESS,NO
P994,16:00,Maradana,Kottawa,9.00,21.60,15.00,1,SUCCESS,NO
P995,16:00,Nugegoda,Dehiwala,15.00,36.00,15.00,1,SUCCESS,NO
P996,16:00,Dehiwala,Pettah,9.00,21.60,7.50,0,SUCCESS,NO
P997,16:00,Dehiwala,Kottawa,20.00,48.00,22.50,2,SUCCESS,NO
P998,16:00,Nugegoda,Maradana,4.00,9.60,7.50,0,SUCCESS,NO
P999,16:00,Dehiwala,Kottawa,20.00,48.00,22.50,2,SUCCESS,NO
P1000,16:00,Kottawa,Wellawatte,23.00,55.20,7.50,0,SUCCESS,NO
